Grandview Cafe,1113884958073008130,2019-04-04 19:24:03,"We know you‚Äôve already looked ahead at the weather for this weekend, and we‚Äôre just as excited as you are! Join us‚Ä¶ https://t.co/cVIDyVk2FY"
Kendra Stevens,1113883952970858496,2019-04-04 19:20:04,"THE COLUMN: Virginia vs. Auburn Complete Preview,https://t.co/VygXdwRzCg"
RounderLife,1113881849737228290,2019-04-04 19:11:42,"Final Four 2019: March Madness picks, predictions for Saturday | https://t.co/bmD1ZvnMtY https://t.co/ucRXVCM4Xi"
Stacker,1113880674975531009,2019-04-04 19:07:02,@bing Predicts: March Madness Final Four! #FinalFour #MarchMadness2019 https://t.co/3mNRwe4xDy https://t.co/SiKUVbtFfm
Michael Loya,1113879883380211712,2019-04-04 19:03:53,"Yet another reason to be Texas Proud - Guns Up!!
#FinalFour
#NCAA https://t.co/vS0tiQyVoP"
@ttechsan @Patriottechsan,1113879766577418240,2019-04-04 19:03:25,"2019 March Madness: Texas Tech may have the most fans at Final Four, ticket data indicates https://t.co/12QWQAwq43"
Covers,1113879659538780168,2019-04-04 19:03:00,Imagine holding a futures bet on one of the Final Four teams that paid upwards of six figures. Would you hedge? Let‚Ä¶ https://t.co/jaBYZxNFoK
ReporterNews,1113878887535136769,2019-04-04 18:59:56,The losing team's hometown will fly the winning team's flag outside City Hall for at least one day. https://t.co/hdKqT2Pbbl
Whitney Coonradt,1113878773248741381,2019-04-04 18:59:29,Round 3 of March Madness American Women of Influence (FlipGrid speeches) is in the books! Down to our Final Four.‚Ä¶ https://t.co/e11YYo2Ucc
Andrew Siciliano,1113876511285604352,2019-04-04 18:50:29,"This list, shockingly, omits Hakim Warrick's block of Arthur Lee in 2003. It's the greatest play in Final Four hist‚Ä¶ https://t.co/CLpbnu37EI"
Meaghan Fitzgerald,1113875320665509888,2019-04-04 18:45:45,Both the NCAA Final Four and National title game will be available to watch live in on Oculus Go with the NCAA Marc‚Ä¶ https://t.co/IUNTrRmORM
Richard Hoeg,1113871687072780288,2019-04-04 18:31:19,"@frntofficesport Not clear (to me), that the true most exciting event of the year - March Madness Opening Weekend -‚Ä¶ https://t.co/e5AGqw4EAq"
Oddschecker US,1113871606118473728,2019-04-04 18:31:00,"We're down to the #FinalFour of #MarchMadness... who are you backing‚Åâ üèÄ
https://t.co/fAKB0Q7aSo"
Jay Robinson,1113870539699843072,2019-04-04 18:26:46,"With two first-time teams in the Final Four, this has been an exciting and unpredictable March Madness tournament! https://t.co/C8C7JSbhun"
Lamond Murray,1113870361353838592,2019-04-04 18:26:03,Watching Cassius Winston makes me believe I can do anything https://t.co/cuJiLueS0C https://t.co/ub3o3NK6jE
Watch Live Cricket #PSL4 #IPL #WCUP2019,1113870360984686592,2019-04-04 18:26:03,Watching Cassius Winston makes me believe I can do anything https://t.co/dHJPYNT9Yk https://t.co/Zaj8ibHf76
Herman Hensley,1113869615069892616,2019-04-04 18:23:05,NCAA Men's Basketball Tournament Down To Final Four https://t.co/VPX95GhVvV
TRAIN Magazine,1113868678116859904,2019-04-04 18:19:22,"This is the last weekend of March Madness and the Final Four consists of two unexpected, exciting games - time to g‚Ä¶ https://t.co/C1xoqa5VrK"
The WEF - Worthington Educational Foundation,1113868190713565186,2019-04-04 18:17:25,Guess where you can watch the NCAA tournament Final Four on Saturday??!!! Buy your tickets TODAY at‚Ä¶ https://t.co/td9yzt4vXb
Alice Johnson,1113868102482239488,2019-04-04 18:17:04,NCAA Men's Basketball Tournament Down To Final Four https://t.co/QW14Jg76YZ
SmileForCharity,1113867801847062529,2019-04-04 18:15:53,"Patiently waiting for the Final Four this Saturday?

You can keep the game going with our SMILE's March Madness Dia‚Ä¶ https://t.co/Uw7O7nAFWA"
Evan Brondyke,1113867767705481216,2019-04-04 18:15:45,"@Chase_Gunter5 @J_Sellars17 In March Madness, anyone can lose at any time! I think it's short-sighted to say that a‚Ä¶ https://t.co/RSqPHq4Yxm"
Jana Landfried,1113865981896601600,2019-04-04 18:08:39,"@eljefe132 This article mentions that stat....
https://t.co/29bHItW9G7"
Ryan Covay,1113865568568786944,2019-04-04 18:07:00,We have our Final Four Movies in our March Movie Madness as we search for the greatest sports movie of all time! Th‚Ä¶ https://t.co/IzYYAGxkJc
Sire Studios @ Motor City May 17-19,1113864897304117248,2019-04-04 18:04:20,You catch our interview with the talented @AmandaRoseAuthor? New #podcast available everywhere! #AvengersEndgame Fi‚Ä¶ https://t.co/CSqFnvIu1D
Crystal Lowery Comedian,1113863369671548928,2019-04-04 17:58:16,"Person: How's your week going?
Me: I've got March Madness nerves. I'm down to my final four."
The Surgeon,1113862551270494210,2019-04-04 17:55:01,"Remaining March Madness now $99

Let's slice up the Final Four!!

Join here: https://t.co/BxTgl3VWnc"
Tony Dattilo,1113862165625278464,2019-04-04 17:53:29,Everyone Gets Free Pizza Hut P‚ÄôZones if There‚Äôs a Major Comeback in the Final Four @Thrillist https://t.co/EFxlZZaze3
NCAA Tournament Final Four 2019 Live Stream,1113859865754128386,2019-04-04 17:44:21,"NCAA Tournament Final Four Live Stream
Virginia vs Auburn Live Stream
Michigan State vs Texas Tech Live Stream
MI S‚Ä¶ https://t.co/y6ZqJMOvUm"
808s & Ankle Breaks,1113859241134174208,2019-04-04 17:41:52,"THE ELITE 8 STARTS NOW!!!!

Get your votes in as we kick off the next round of our 808s and Ankle Breaks edition of‚Ä¶ https://t.co/gcRNu8jdwm"
NCAA March Madness Final Four 2019 Live,1113858683442683905,2019-04-04 17:39:39,"NCAA March Madness Final Four 2019 Live Stream|| To Watch Live Follow Me

Auburn Tigers Vs Virginia Cavaliers

Mich‚Ä¶ https://t.co/q0TCJivY1W"
OHS MAGNET,1113858645207453696,2019-04-04 17:39:30,Before the Final Four starts...here is the standings of the Magnet March Madness https://t.co/G6G26kgJWk
SB Nation,1113858173381881859,2019-04-04 17:37:37,"Cassius Winston is cool, selfless and self-confident. 

It was his emerging leadership that vaulted the Spartans to‚Ä¶ https://t.co/T8szjK4ASO"
Tracey Addington,1113857994209529858,2019-04-04 17:36:54,"Congratulations to Ganymede, winner of Dr. Morgan‚Äôs mythology March madness 32 team video competition. (and also to‚Ä¶ https://t.co/ZEoiLZGVzm"
Lynn,1113856012056977408,2019-04-04 17:29:02,Final Four Foodie Fest: March Madness at Harborside JC April 6th! Read all about it. Use Code CHICPEAJC to get %40‚Ä¶ https://t.co/TnsEXn3aGN
üé≤ GamingCopy,1113855969023410176,2019-04-04 17:28:52,2019 Final Four Trends: Texas Tech Undefeated ATS in March¬†Madness https://t.co/LPPymYlnCB https://t.co/99BwjsqIjF
üèÄ SportCopy ‚öæÔ∏è,1113855724474519554,2019-04-04 17:27:53,The Snacket: Vote in the Final Four of our March Madness-style bracket to determine the ultimate snack¬†food‚Ä¶ https://t.co/M2v32pXpaK
Lansing State Journal,1113849475867582465,2019-04-04 17:03:04,"If Spartans win NCAA Final Four game, Texas city will fly Michigan State flag https://t.co/J2DK8Rjnd9"
Gambling.com US,1113849460726145024,2019-04-04 17:03:00,"How should you approach betting on first time #FinalFour teams?

@treykillian digs into the history books for an an‚Ä¶ https://t.co/iGK4ccbapu"
Oddschecker US,1113847447472750600,2019-04-04 16:55:00,"We're down to the #FinalFour of #MarchMadness... who are you backing‚Åâ üèÄ
https://t.co/fAKB0PPA0Q"
Carrie Dix,1113847413821923330,2019-04-04 16:54:52,Your Final Four party pictures will be memorable when your friends and family use these FREE basketball photo booth‚Ä¶ https://t.co/SMI3C8lzuM
Mr. Ryan Lowe¬Æ,1113846819912597504,2019-04-04 16:52:30,Final Four 2019: Can Michigan State ride its momentum to a title game? | https://t.co/miini3clug https://t.co/aRKwT4XRGP
Mr. Ryan Lowe¬Æ,1113846704573440002,2019-04-04 16:52:03,"Final Four 2019: March Madness picks, predictions for Saturday | https://t.co/miini3clug https://t.co/XwHmoCV1V9"
Jeff Rens,1113846395721723909,2019-04-04 16:50:49,"If you don‚Äôt think luck plays into the ncaa March madness tournament, you‚Äôre crazy.   Auburn almost, and should‚Äôve‚Ä¶ https://t.co/yAdjihoZXf"
AdrienneSlaughter,1113843946067652610,2019-04-04 16:41:05,#Thumbsup to Michigan State University's Tom Izzo and his support of my alma mater's Tony Bennett!  Go University o‚Ä¶ https://t.co/iEVbFpBksD
SI College Hoops,1113843702307356674,2019-04-04 16:40:07,Everything you need to know about Michigan State as the Spartans gear up for a Final Four battle https://t.co/xmGfri7lKJ
Dick Vitale,1113842848737243138,2019-04-04 16:36:43,Fabulous stuff by ‚Å¶@tsnmike‚Å©  ! March Madness 2019: SN's Mike DeCourcy ranks 29 years of Final Four experiences | N‚Ä¶ https://t.co/xeTurgwUWK
üèêDr. Beene üôãüèΩ‚Äç‚ôÄÔ∏è,1113840305521008645,2019-04-04 16:26:37,How Chris Beard Built Texas Tech Into College Basketball‚Äôs Most Unlikely Juggernaut https://t.co/JX4kyEm9Nb via @ringer
Narrative Science,1113839927391916032,2019-04-04 16:25:07,Bracket busted? Only 4% of our employees correctly predicted Michigan State over Duke in the Elite 8. Learn more ab‚Ä¶ https://t.co/nNbKHiPemw
The BarnBurner,1113839435383279623,2019-04-04 16:23:10,"üèÄüóëÔ∏èHoops coverage this week on The Barn:

üé§#MarchMadness and #FinalFour with @CBBTheater 
https://t.co/PPOK6bA0HD‚Ä¶ https://t.co/MHHKFBNE3z"
Pandora For Brands,1113838270562033666,2019-04-04 16:18:32,Last year's most listened to songs during March Madness include the below. Who will make it to this year's 'Final F‚Ä¶ https://t.co/cnePSbGXx1
Colin the Herd,1113838009269592064,2019-04-04 16:17:30,@jasonrmcintyre Lincoln riley and Lon Kruger. OU only school to have a team in the final four of both the March madness and CFP.
Fallon Farokhi,1113837986511249409,2019-04-04 16:17:24,Analyzing alternative book covers for the titles in our Final Four round of the March Madness Tournament. Great dis‚Ä¶ https://t.co/66uZ7F7hyY
rock n taco,1113837473287815168,2019-04-04 16:15:22,March Madness is coming to a close and we have the Final Four teams of the 2019 NCAA Men‚Äôs Finals Bracket. Join us‚Ä¶ https://t.co/4p9odQKYYG
Bret Fox,1113837407462465538,2019-04-04 16:15:06,"While we await the NCAA Final Four games on Saturday, why don't we pay special attention to someone who makes the e‚Ä¶ https://t.co/js8B3q0EM2"
Rise Vision,1113835893821931521,2019-04-04 16:09:05,Share the madness of this weekends Final Four tournament with our March Madness Template. https://t.co/rqxLA1R7IY
SONiC 102.9,1113835890713829376,2019-04-04 16:09:05,We are down to the Final Four in the March Madness of The Simpsons! Vote for who should be in the finals! -‚Ä¶ https://t.co/O5Z6EVsMOM
madeline sanders‚Ä†,1113835003899785216,2019-04-04 16:05:33,"my extra credit question on my test was ‚Äúwhat are the final four teams in march madness‚Äù
&amp;&amp; that‚Äôs the perfect repr‚Ä¶ https://t.co/ncpnEX1BIr"
Lisa,1113833647944155136,2019-04-04 16:00:10,"THE COLUMN: Virginia vs. Auburn Complete Preview,https://t.co/xODhrTkbEX"
Lansing State Journal,1113833616457568256,2019-04-04 16:00:02,East Lansing Mayor Mark Meadows and Lubbock Mayor Dan Pope are betting on the outcome of Saturday's NCAA basketball‚Ä¶ https://t.co/de7zutCdEt
@SpartanFanEric,1113832022294913024,2019-04-04 15:53:42,"#FinalFour #IzzoForPresident #GoGreen

https://t.co/5VHhOeDi9V
Tom Izzo is already one of the best coaches in colle‚Ä¶ https://t.co/yxCU6ldLNz"
Coach Bit Stockton,1113828730768646144,2019-04-04 15:40:38,Great Piece on Texas Tech https://t.co/9yul8L3puP
Philip Tate,1113826133030723584,2019-04-04 15:30:18,"What to Expect From Michigan State, Texas Tech, Virginia, and Auburn in the Final Four   https://t.co/AGhwmz7les via @ringer"
Krista Melcher ≈¶,1113825024748728322,2019-04-04 15:25:54,"This might be my favorite that I have read this week! #4To1
How Chris Beard Built Texas Tech Into College Basketbal‚Ä¶ https://t.co/XtGCDJkm6u"
Matthew E. Harman,1113824570040041472,2019-04-04 15:24:06,Watching Cassius Winston makes me believe I can do anything https://t.co/80HADZKUhA
Louis Bien,1113824046024622086,2019-04-04 15:22:01,I wrote about how watching Cassius Winston can make you a better person https://t.co/Ex3JHr7b9W
Sarah Lehr,1113822284412858370,2019-04-04 15:15:01,"East Lansing Mayor Mark Meadows and Lubbock, Texas Mayor Dan Pope are betting on the outcome of Saturday's NCAA‚Ä¶ https://t.co/qF3Fq85D7k"
Nevada News,1113821535926546433,2019-04-04 15:12:02,THE COLUMN: Virginia vs. Auburn Complete Preview. https://t.co/auNKe8gJgu
HQ Press,1113820470447681537,2019-04-04 15:07:48,"MARCH MADNESS:
Who are your picks looking at the final four this weekend?

https://t.co/8ia1qO6vQf"
Slate,1113820381264134144,2019-04-04 15:07:27,Ranking the possible national championship game matchups from horribly boring to actually entertaining. https://t.co/xnVxPJQloY
107.9 The Mix,1113818756877303809,2019-04-04 15:01:00,"If any team comes back from down 17 or more points to win a game in the Final Four, Pizza Hut will give away free P‚Ä¶ https://t.co/1mQfXcOAdq"
Clemson CBSHS,1113818507236474881,2019-04-04 15:00:00,Come hang out with the @ClemsonSMLC in Cooper Library on March 8th as they monitor March Madness - the final four a‚Ä¶ https://t.co/X1xMGkISjw
Ruscin Is Ranting,1113817894390046721,2019-04-04 14:57:34,How Chris Beard Built Texas Tech Into College Basketball‚Äôs Most Unlikely Juggernaut https://t.co/iARLiQM6Mg
Asher,1113817507616313344,2019-04-04 14:56:02,"Virginia earns first Final Four spot since 1984, winning classic overtime thriller with Purdue https://t.co/XATfl4IpDf"
Basketball Stuff,1113817299063062528,2019-04-04 14:55:12,New video by NCAA March Madness: Michigan State's Kenny Goins reflects on making it to the Final Four https://t.co/Uf2J4Wk38u
John Park,1113817000948555776,2019-04-04 14:54:01,"Virginia earns first Final Four spot since 1984, winning classic overtime thriller with Purdue https://t.co/ZCqxsTKWlX"
PennSports.LIVE,1113816423741186048,2019-04-04 14:51:43,"Are your March Madness brackets busted, or are you intact going into the Final Four this weekend? Check out this we‚Ä¶ https://t.co/ugV3UB4a8n"
dosbama,1113815608347566080,2019-04-04 14:48:29,"How Chris Beard Built Texas Tech Into an Unlikely Basketball Juggernaut - The Ringer

The Red Raiders were long a B‚Ä¶ https://t.co/duAUqqP7zC"
Yorktown Library,1113814968124805121,2019-04-04 14:45:56,"The votes have been tallied, and the results are in! Your 2019 Literary March Madness Final Four is as follows:

Ju‚Ä¶ https://t.co/Dw4NCo0rub"
Assembly Call,1113814479333208064,2019-04-04 14:44:00,"The ""Kill Drill"" sounds ... intense.

https://t.co/TryK96z4p6"
motaaily,1113814335141240835,2019-04-04 14:43:25,"Virginia earns first Final Four spot since 1984, winning classic overtime thriller with Purdue https://t.co/Pt49Dvusmy"
Chris Solari,1113813641151774720,2019-04-04 14:40:40,"MSU departs for Minneapolis, gets proper sendoff from Breslin https://t.co/Qp16tlKGBG"
Brent Forsythe,1113813562898751488,2019-04-04 14:40:21,"Is anyone really surprised?
https://t.co/87dLsSXnB5"
Smith Angela,1113812997921599493,2019-04-04 14:38:07,"Virginia earns first Final Four spot since 1984, winning classic overtime thriller with Purdue https://t.co/3u0FscdppK"
Kevinfoster,1113810753197207552,2019-04-04 14:29:11,"Virginia earns first Final Four spot since 1984, winning classic overtime thriller with Purdue https://t.co/qHg6X0o1uT"
Rodger Sherman,1113810735614713857,2019-04-04 14:29:07,"the more I think about it, the more I convince myself that Chris Beard is the best coach in college basketball https://t.co/kB9rrFYd40"
9ijaNews,1113810687703363585,2019-04-04 14:28:56,The Snacket: Vote in the Final Four of our March Madness-style bracket to determine the ultimate snack¬†food https://t.co/Y6AuGL5NTy
Jenet  Harris,1113809389490556929,2019-04-04 14:23:46,"Virginia earns first Final Four spot since 1984, winning classic overtime thriller with Purdue https://t.co/4dvDDCRK8k"
Maria,1113809111257239553,2019-04-04 14:22:40,"Virginia earns first Final Four spot since 1984, winning classic overtime thriller with Purdue https://t.co/xLeBsXKOOO"
Kei Pol,1113808613984722945,2019-04-04 14:20:41,"Virginia earns first Final Four spot since 1984, winning classic overtime thriller with Purdue https://t.co/rs9AXKvLbl via @usatoday"
Eric Herrick,1113808508099624960,2019-04-04 14:20:16,"We have been playing this defensive style for 8 years!!!!!
How Chris Beard Built Texas Tech Into an Unlikely Basket‚Ä¶ https://t.co/Wfey9t94jX"
Sergio Ramos,1113808481524445185,2019-04-04 14:20:10,"Virginia earns first Final Four spot since 1984, winning classic overtime thriller with Purdue https://t.co/PQjoxTKL7V"
Soccer Champion Jefferson Bissoy üá®üá≤,1113808314645786624,2019-04-04 14:19:30,"Brackets have been busted, friends and families divided and billions of dollars invested as the Men's Final Four ar‚Ä¶ https://t.co/FOJOEX0L1n"
Fran Fraschilla,1113807962408198146,2019-04-04 14:18:06,"Coaches: Some good nuggets here, especially the ‚ÄúKill Drill.‚Äù It‚Äôs the ‚Äúoverload theory.‚Äù Makes practices more diff‚Ä¶ https://t.co/qDoJ55Lznf"
FINAL 4 TORTILLAS,1113807436090159104,2019-04-04 14:16:00,"Road Raiders

https://t.co/HeNEdRjRdC"
MAINE SENIORS Mag,1113807221241020419,2019-04-04 14:15:09,"With the March Madness Final Four this weekend, what better time to be thankful for Maine's Mr. Basketball, Peter W‚Ä¶ https://t.co/rp6xdpBBCe"
adi2,1113806460981403648,2019-04-04 14:12:08,"Virginia earns first Final Four spot since 1984, winning classic overtime thriller with Purdue https://t.co/XmvCsajvx5"
The Nattering Naybob,1113806080906338305,2019-04-04 14:10:37,"NCAA March Madness: Final Four 2018-2019: Our Elite Eight picks went 3-1 SU; 2-2 ATS, to‚Ä¶ https://t.co/oTccy02H8e"
Barrett Sallee,1113805989814444033,2019-04-04 14:10:16,"The Snacket: Vote in the Final Four of our March Madness-style bracket to determine the ultimate snack food

https://t.co/AQYslIxtv4"
Cardozo School of Law,1113805928128831488,2019-04-04 14:10:01,"As March madness continues, @ekownyankah¬†will weigh in on the debate over paying NCAA athletes on Minnesota Public‚Ä¶ https://t.co/ZGlRzicVqJ"
Sire Studios @ Motor City May 17-19,1113805522950610946,2019-04-04 14:08:24,Tremendous show last night! Big thanks to Amanda Rose Author for a great interview. Our March Madness Final Four de‚Ä¶ https://t.co/whAovXhzNk
Jordan Campbell,1113805114152611840,2019-04-04 14:06:47,"Virginia earns first Final Four spot since 1984, winning classic overtime thriller with Purdue https://t.co/bmjNq0LH5M"
American Sports News,1113804693711593473,2019-04-04 14:05:07,The Snacket: Vote in the Final Four of our March Madness-style bracket to determine the ultimate snack food‚Ä¶ https://t.co/L1NJGTn0qc
Kelly,1113804557945978881,2019-04-04 14:04:34,"Virginia earns first Final Four spot since 1984, winning classic overtime thriller with Purdue https://t.co/sPsGjDBVzi"
Esther fisher,1113804467143467014,2019-04-04 14:04:13,"Virginia earns first Final Four spot since 1984, winning classic overtime thriller with Purdue https://t.co/xCB8pSB9La"
Odds Market,1113803487085780994,2019-04-04 14:00:19,"#MarchMadness by the Numbers: Final Four Preview and #BettingTips
from our expert @TheSportsKegCEO 
https://t.co/MQ1q5bLFhC"
Jesse McMillan,1113802908208914432,2019-04-04 13:58:01,Good read!  Although I'm a little confused as to why they call pushing the ball sideline/baseline with heavy help-s‚Ä¶ https://t.co/teHc6OYljz
SportsRadio 740,1113802166869745664,2019-04-04 13:55:04,The Snacket: Vote in the Final Four of our March Madness-style bracket to determine the ultimate snack food‚Ä¶ https://t.co/qpVbTlYKQF
coco,1113801513678151685,2019-04-04 13:52:28,"Virginia earns first Final Four spot since 1984, winning classic overtime thriller with Purdue https://t.co/H9TyLbTGBg"
Brett Beaird,1113801388704837632,2019-04-04 13:51:59,How Chris Beard Built Texas Tech Into College Basketball‚Äôs Most Unlikely Juggernaut https://t.co/EpGtBlxRiF via @ringer
The GL Corps,1113800532974538759,2019-04-04 13:48:35,Green Lantern March Madness ‚Äô19 Final Four: Kyle Rayner vs John Stewart https://t.co/KHAcKsrrJP
Jeo July,1113800423532417025,2019-04-04 13:48:09,"Virginia earns first Final Four spot since 1984, winning classic overtime thriller with Purdue https://t.co/I7Aiv8hkDk"
HolyKey1,1113799601943982080,2019-04-04 13:44:53,March Madness 2019: SN‚Äôs Mike DeCourcy ranks 29 years of Final Four¬†experiences https://t.co/SxQd9HeWxB https://t.co/UJhonVMq1U
Jen Conrad,1113794292580069376,2019-04-04 13:23:47,Start the voting üó≥ Our March Madness Final Four of Books has begun!  üìö Who will be crowned winner?! ü§î Stay tunes...‚Ä¶ https://t.co/6jPUXYTBbC
Maverick,1113793102152634369,2019-04-04 13:19:03,"Virginia earns first Final Four spot since 1984, winning classic overtime thriller with Purdue https://t.co/M6PXv9WaA1"
David,1113790070538956800,2019-04-04 13:07:00,"Virginia earns first Final Four spot since 1984, winning classic overtime thriller with Purdue https://t.co/zlKa4eYZyh"
lolo,1113789953018716166,2019-04-04 13:06:32,"Virginia earns first Final Four spot since 1984, winning classic overtime thriller with Purdue https://t.co/bS6XA1PMPo"
Frenship Girls Bball,1113789300351668224,2019-04-04 13:03:57,"March Madness
Leaderboard
Men‚Äôs bracket
Final Four edition
1. Coach Hilliard 46
2. Maddie Brouillette 45
3. Riley R‚Ä¶ https://t.co/gre70OpoPw"
Josef Toth,1113788475969552384,2019-04-04 13:00:40,Teams with the most Final Four appearances https://t.co/8mN9rXEeGu
Sports Illustrated,1113788326841069568,2019-04-04 13:00:04,"If Michigan State can exploit Texas Tech‚Äôs tendency to be aggressive on defense, there‚Äôs a good chance it could be‚Ä¶ https://t.co/IFPOf3V5IH"
Fran Fraschilla,1113786844112662530,2019-04-04 12:54:11,"Great, great Final Four memories from my friend, @tsnmike. Few better at his craft. https://t.co/hsR3utzBNf"
lyn heal,1113784426184544256,2019-04-04 12:44:34,Teams with the most Final Four appearances https://t.co/RVcZqQeFhv
13 On Your Side,1113783451826696193,2019-04-04 12:40:42,Spartans arrive in Minneapolis for Final Four weekend https://t.co/uvYDAfszMx https://t.co/Q1YTvcRFAo
Brandon Myers,1113783108694872064,2019-04-04 12:39:20,"Pay the man his money #ArkansasCoachingSearch 
https://t.co/sRhaICFeq7"
SI College Hoops,1113780786954739713,2019-04-04 12:30:07,"It‚Äôs impossible to picture Michigan State capturing a title without Cassius Winston having a major hand in it, writ‚Ä¶ https://t.co/BM3kaMqCGe"
Ronald Althof,1113777410959388672,2019-04-04 12:16:42,"2019 March Madness: Texas Tech may have the most fans at Final Four, ticket data indicates https://t.co/aUsIv2SMdo"
Sports Illustrated,1113777000353816577,2019-04-04 12:15:04,"Roundtable: Was Duke‚Äôs season a failure? 

Which eliminated team do we miss the most? https://t.co/NNRWlhDTDt"
SB Nation College,1113776049714810880,2019-04-04 12:11:17,THE COLUMN: Virginia vs. Auburn Complete Preview https://t.co/S3D8ZMzU1A
Streaking the FINAL FOUR!!,1113773725726519296,2019-04-04 12:02:03,"üêÖüèÄ‚öîÔ∏è THE COLUMN: FINAL FOUR SPECIAL üêÖüèÄ‚öîÔ∏è
 https://t.co/MCxWQnOXdc"
247Sports,1113773210447818753,2019-04-04 12:00:00,"Less than 100 schools have played in a Final Four.

That number will grow when Auburn and Texas Tech take the floor‚Ä¶ https://t.co/KSrsJ0I1AS"
C.D. DeSalvo,1113772797749231616,2019-04-04 11:58:22,Good stuff. https://t.co/P71xSplMFa via @ringer
Liz Brillon,1113772409230954502,2019-04-04 11:56:49,March Mascot Madness 2019: The Final Four https://t.co/AKk9ONkoAq @KICKS1055 Vote Brewster Bears üêªüíö
Black Privilege,1113769763514257408,2019-04-04 11:46:19,"Business Feature of the Day: It‚Äôs still March Madness and with the Final Four approaching, we decided to do a speci‚Ä¶ https://t.co/wJ3TYZWMaI"
Susan Gentile,1113766835588091904,2019-04-04 11:34:41,March Madness 2019: Buying or Selling Final Four Stars‚Äô NBA¬†Futures https://t.co/yE24ZzUk1A
sanany125,1113765324501864448,2019-04-04 11:28:40,"Virginia earns first Final Four spot since 1984, winning classic overtime thriller with Purdue https://t.co/w0W0ZcCYRx"
minneapolishub,1113760138240851969,2019-04-04 11:08:04,Spartans arrive in Minneapolis for Final Four weekend   https://t.co/lGluDITWK2
The Surgeon,1113758114996682752,2019-04-04 11:00:01,"DISCOUNT

Remaining March Madness now $99

Let's slice up the Final Four!!

Join here: https://t.co/BxTgl3VWnc"
Angel Lily,1113756134157037569,2019-04-04 10:52:09,March Madness 2019: Buying or Selling Final Four Stars‚Äô NBA¬†Futures https://t.co/Rl0ByFXOXt
TJ Ramos,1113755600490508288,2019-04-04 10:50:02,"March Madness!?!?! Texas Tech ranked #1, baby! https://t.co/MXe9giepvh"
Tamanna Bhatia,1113750594378973184,2019-04-04 10:30:08,March Madness 2019: Buying or Selling Final Four Stars‚Äô NBA¬†Futures https://t.co/e9ZeF3GTPr
Bellaüåï,1113746300120457217,2019-04-04 10:13:05,"Virginia earns first Final Four spot since 1984, winning classic overtime thriller with Purdue https://t.co/QrTmzuvIft"
john young,1113739705965658112,2019-04-04 09:46:52,"Virginia earns first Final Four spot since 1984, winning classic overtime thriller with Purdue https://t.co/DrT5g2FLZl"
Dr. Eric William Shannon,1113733396201656320,2019-04-04 09:21:48,How Chris Beard Built Texas Tech Into College Basketball‚Äôs Most Unlikely Juggernaut https://t.co/Fkx3Ya91yj via @ringer
Ayubi,1113732044306231296,2019-04-04 09:16:26,"Tom Izzo said he needs to win national title this year to 'validate' career at Michigan State - Yahoo Sports

Tom I‚Ä¶ https://t.co/lbsXpYnqdW"
Can Teippan,1113728712820674560,2019-04-04 09:03:11,"Virginia earns first Final Four spot since 1984, winning classic overtime thriller with Purdue https://t.co/1it5qNFIyW"
Angel Lily,1113724423398481920,2019-04-04 08:46:09,March Madness 2019: Buying or Selling Final Four Stars‚Äô NBA¬†Futures https://t.co/pKDkHDHcL3
üèÄ SportCopy ‚öæÔ∏è,1113722683244666881,2019-04-04 08:39:14,"2019 March Madness: Texas Tech may have the most fans at Final Four, ticket data¬†indicates https://t.co/UApXV5qNeY https://t.co/xjssM5y0pd"
Slate,1113721157663035392,2019-04-04 08:33:10,Ranking the possible national championship game matchups from horribly boring to actually entertaining. https://t.co/WXxxK2bSHd
American Sports News,1113713969150218240,2019-04-04 08:04:36,"2019 March Madness: Texas Tech may have the most fans at Final Four, ticket data indicates‚Ä¶ https://t.co/Z5nGnZqQVf"
yoeng,1113713629021401088,2019-04-04 08:03:15,"Virginia earns first Final Four spot since 1984, winning classic overtime thriller with Purdue https://t.co/WHnYB4yjZe"
Susan Gentile,1113713151068053506,2019-04-04 08:01:21,March Madness 2019: Buying or Selling Final Four Stars‚Äô NBA¬†Futures https://t.co/q2a1mEpZnG
Angel Lily,1113712556223291392,2019-04-04 07:58:59,March Madness 2019: Buying or Selling Final Four Stars‚Äô NBA¬†Futures https://t.co/9Cs93QQAJr
Social Brief Info,1113710908902187015,2019-04-04 07:52:27,"2019 March Madness: Texas Tech may have the most fans at Final Four, ticket data indicates - CBS Sports https://t.co/LIMGwcYxtB"
Susan Gentile,1113708061720567808,2019-04-04 07:41:08,March Madness 2019: Buying or Selling Final Four Stars‚Äô NBA¬†Futures https://t.co/1CcXT6sf0M
Sahara Jane,1113705834113060864,2019-04-04 07:32:17,2019 Final Four Preview: Michigan State Closing in on First Title Game in 10 Years https://t.co/kbnUars8hd
ANDY SINJI,1113701813088182272,2019-04-04 07:16:18,"Virginia earns first Final Four spot since 1984, winning classic overtime thriller with Purdue https://t.co/jvzkE4LTnG"
Social Brief Info,1113700099195056128,2019-04-04 07:09:29,Tom Izzo said he needs to win national title this year to 'validate' career at Michigan State - Yahoo Sports https://t.co/iQQyMf4nma
BR,1113699878553686016,2019-04-04 07:08:37,Tom Izzo said he needs to win national title this year to 'validate' career at Michigan State - Yahoo Sports https://t.co/wystrjFkNX
News Bitz,1113699675654295552,2019-04-04 07:07:48,"No. 1 seed Duke, RJ Barrett stunned as Michigan State advances to Final Four - https://t.co/UsG0BMquiA https://t.co/CRqT1NXeIe"
Vishma Rai (œë ‚Ñõai),1113698565904392194,2019-04-04 07:03:24,Tom Izzo said he needs to win national title this year to 'validate' career at Michigan State - Yahoo Sports ‚òÑ‚Ä¶ https://t.co/7Gs9t7TqMW
Blogger Book Reviews,1113698226862002176,2019-04-04 07:02:03,"The most important player for each Final Four team in their quest to win national titles

Michigan State's Cassius‚Ä¶ https://t.co/gsd3iT5GAu"
Nevada News,1113694749804752896,2019-04-04 06:48:14,Tom Izzo said he needs to win national title this year to 'validate' career at Michigan State. https://t.co/HxA2NCBMBZ
Andrew Hazard,1113693599286194176,2019-04-04 06:43:40,Tom Izzo said a second national title will validate Michigan State career. #MarchMadness  https://t.co/QPpW1m6vkZ
Respect My Blog,1113692019870896129,2019-04-04 06:37:23,2019 Final Four Preview: Michigan State Closing in on First Title Game in 10 Years https://t.co/VvU3E67uGE via‚Ä¶ https://t.co/wTdjIDIwEs
Boss Moves Only,1113690341247455237,2019-04-04 06:30:43,"2019 March Madness: Texas Tech may have the most fans at Final Four, ticket data indicates https://t.co/H8vRalEdQC"
Gia Vang,1113688192031449088,2019-04-04 06:22:10,"Well, that was a fascinating perspective.  

March Madness 2019: SN's Mike DeCourcy ranks 29 years of Final Four ex‚Ä¶ https://t.co/x7e1rORNFn"
Zyite.com,1113680119464222720,2019-04-04 05:50:06,2019 Final Four Preview: Michigan State Closing in on First Title Game in 10 Years https://t.co/EgTJiZ85Ux https://t.co/A9lACTB35T
Dave Smith,1113678921730420736,2019-04-04 05:45:20,"Virginia earns first Final Four spot since 1984, winning classic overtime thriller with Purdue https://t.co/3ZZhV9mwTK"
Breaking Story:,1113676304472322048,2019-04-04 05:34:56,2019 March Madness Texas Tech may have the most fans at Final Four Her Squirt
TheGameRoom,1113673817992433666,2019-04-04 05:25:03,Ranking the possible national championship game matchups from horribly boring to actually entertaining. https://t.co/iCLkPksM8y @Slate
Brenda McMeans,1113663264108548096,2019-04-04 04:43:07,"@TheEllenShow if you haven‚Äôt before, allow me to introduce you to @TexasTechMBB @CoachBeardTTU fireside chats. Watc‚Ä¶ https://t.co/HINNR6JZch"
SimFly #BreakingNews,1113661213110673408,2019-04-04 04:34:58,"2019 March Madness: Texas Tech may have the most fans at Final Four, ticket data indicates ‚Äì CBS¬†Sports‚Ä¶ https://t.co/wARU6UamFs"
iBOLD BREAKING NEWS,1113660392805298176,2019-04-04 04:31:43,"2019 March Madness: Texas Tech may have the most fans at Final Four, ticket data indicates ‚Äì CBS¬†Sports‚Ä¶ https://t.co/AR4OppUgIH"
Lucy,1113659559480926208,2019-04-04 04:28:24,"Virginia earns first Final Four spot since 1984, winning classic overtime thriller with Purdue https://t.co/yjDQAZi499"
Madison Moseley,1113658953970462720,2019-04-04 04:26:00,"Anyone else walk through Walmart and see those women with the March Madness teeth??? Ya know, the ones down to the final four?"
Gambling.com US,1113657696618676226,2019-04-04 04:21:00,"How have teams appearing in their first #FinalFour game done in the past?

@treykillian breaks down the history boo‚Ä¶ https://t.co/WWiTUtdWQ0"
Jaxie Pidgeon,1113657473167167488,2019-04-04 04:20:07,"For the first time in Texas Tech Basketball's history, the Red Raiders are in the Final Four. The game is on Saturd‚Ä¶ https://t.co/UZ8O0ToSKh"
Nevada News,1113655748821565440,2019-04-04 04:13:15,"2019 March Madness: Texas Tech may have the most fans at Final Four, ticket data indicates. https://t.co/1CLXhzm5mw"
Clementine,1113655227092099074,2019-04-04 04:11:11,"Virginia earns first Final Four spot since 1984, winning classic overtime thriller with Purdue https://t.co/fQHIdwOld7"
joe blow,1113653247217152000,2019-04-04 04:03:19,"@CNN holy guacamole if he shuts down the border for Final Four weekend
march madness and april fool should do it,‚Ä¶ https://t.co/N5ZJ9CKw7O"
John David,1113650426367201280,2019-04-04 03:52:06,"Virginia earns first Final Four spot since 1984, winning classic overtime thriller with Purdue https://t.co/0f1qhu8L2M"
Karly sheeren,1113649691760050176,2019-04-04 03:49:11,"Virginia earns first Final Four spot since 1984, winning classic overtime thriller with Purdue https://t.co/IZSLLzM33j"
Tim Lambert,1113649396640571392,2019-04-04 03:48:01,How Chris Beard Built Texas Tech Into College Basketball‚Äôs Most Unlikely Juggernaut https://t.co/39BEfnlZNx via @ringer
instant.com.pk,1113647641299124229,2019-04-04 03:41:02,March Madness 2019: SN‚Äôs Mike DeCourcy ranks 29 years of Final Four experiences | NCAA¬†Basketball‚Ä¶ https://t.co/LWPulEYFyd
Joe Ward,1113642784324382720,2019-04-04 03:21:44,"2019 March Madness: Texas Tech may have the most fans at Final Four, ticket data indicates -‚Ä¶ https://t.co/k0hvbuaiKi"
Lynn,1113641096037449728,2019-04-04 03:15:02,Final Four Foodie Fest: March Madness at Harborside JC April 6th! Read all about it. Use Code CHICPEAJC to get %40‚Ä¶ https://t.co/nlvEl1Dp3K
SI College Hoops,1113641094892404736,2019-04-04 03:15:02,Cassius Winston has been the guiding force for a Michigan State team that is back in the Final Four https://t.co/bHkoazLlR5
#Trending Now,1113640468808720384,2019-04-04 03:12:32,"2019 March Madness: Texas Tech may have the most fans at Final Four, ticket data indicates  #TrendingNow #News‚Ä¶ https://t.co/6nQ2drxvl2"
joe3s,1113639942339432448,2019-04-04 03:10:27,"Virginia earns first Final Four spot since 1984, winning classic overtime thriller with Purdue https://t.co/F9I0lC9fGA"
The Ringer,1113639349009174528,2019-04-04 03:08:05,"Today on The Ringer: 

- @rodger on the rise of @TexasTechMBB: 
https://t.co/VHMpzgXBFy

- @clairemcnear on Bryce H‚Ä¶ https://t.co/iP0W8bskBF"
sally william,1113637272627191808,2019-04-04 02:59:50,"Virginia earns first Final Four spot since 1984, winning classic overtime thriller with Purdue https://t.co/a3FtFVQ3ui"
G. Lane Luttrell,1113637081149001728,2019-04-04 02:59:05,In honor of the Final Four and March Madness I have created the Lane Luttrell‚Äôs Sweet Sixteen Jersey Bracket. I als‚Ä¶ https://t.co/miQyxsRUde
Lowell Aydlette,1113634608065720320,2019-04-04 02:49:15,"The AAF officially goes under, March Madness got CRAZY, Final Four and national title picks and, of course, winners‚Ä¶ https://t.co/rUVwN2ADU1"
John,1113627482681274369,2019-04-04 02:20:56,How Chris Beard Built Texas Tech Into College Basketball‚Äôs Most Unlikely Juggernaut https://t.co/JklLDpqaH4 via @ringer
Maitland Rutledge,1113627228942884864,2019-04-04 02:19:56,Plenty of scarlet and black in Minneapolis this weekend. üëÄ #4To1 #FinalFour https://t.co/kotI6XV4cD
DavidKim,1113626491118477312,2019-04-04 02:17:00,"Virginia earns first Final Four spot since 1984, winning classic overtime thriller with Purdue https://t.co/LjyPBMCelo"
Bobby & Steve's Auto World,1113626043619905536,2019-04-04 02:15:13,"We have a winner!üèÄ Jacqueline Weber, at right (with her daughter), scored tickets to the March Madness Final Four,‚Ä¶ https://t.co/7Aim5hp1kj"
FanSided College,1113624194590359554,2019-04-04 02:07:52,10 shining moments from historic #FinalFour  https://t.co/tXuTbRr6WH
Brian Marks,1113622375449415682,2019-04-04 02:00:39,The Final Four is this weekend. A great time to have kids argue which school is the greatest college b-ball program‚Ä¶ https://t.co/63U1XegABa
News & Quotes,1113621737164419077,2019-04-04 01:58:06,How Chris Beard Built Texas Tech Into an Unlikely Basketball Juggernaut. https://t.co/huCwSPygQV
Indianapolis oGoing,1113621719225212929,2019-04-04 01:58:02,What's going on? March Madness 2019: SN's Mike DeCourcy ranks 29 years of Final Four experiences - Sporting News‚Ä¶ https://t.co/Qg3rFdcTvX
Susan Gentile,1113621668499533825,2019-04-04 01:57:50,March Madness 2019: Buying or Selling Final Four Stars‚Äô NBA¬†Futures https://t.co/y81DHLRE4D
Mark Van Osdol,1113612269253005312,2019-04-04 01:20:29,"Shorter Izzo (as if): must have natty but even if, there's always disrespekt #douche  https://t.co/H6ZSeL0vJb"
Flower Mound Leader,1113611031388086272,2019-04-04 01:15:34,"The NCAA tournament is down to the Final Four, and Carson Shipp and Tanner Strauss break down the action leading up‚Ä¶ https://t.co/FLVABYVsRT"
The Colony Courier,1113611030289162240,2019-04-04 01:15:34,"The NCAA tournament is down to the Final Four, and Carson Shipp and Tanner Strauss break down the action leading up‚Ä¶ https://t.co/IOt0YnhfnR"
Star Local Media,1113611029219553285,2019-04-04 01:15:33,"The NCAA tournament is down to the Final Four, and Carson Shipp and Tanner Strauss break down the action leading up‚Ä¶ https://t.co/GG7rK5C7Y8"
LakeshoreTimes,1113611028192014337,2019-04-04 01:15:33,"The NCAA tournament is down to the Final Four, and Carson Shipp and Tanner Strauss break down the action leading up‚Ä¶ https://t.co/VHrUZBAUbx"
Plano Star Courier,1113611027181125632,2019-04-04 01:15:33,"The NCAA tournament is down to the Final Four, and Carson Shipp and Tanner Strauss break down the action leading up‚Ä¶ https://t.co/NDq1132edg"
Mesquite News,1113611026149380096,2019-04-04 01:15:33,"The NCAA tournament is down to the Final Four, and Carson Shipp and Tanner Strauss break down the action leading up‚Ä¶ https://t.co/zepv7Y9xaH"
McKinney Courier-Gazette,1113611025046282240,2019-04-04 01:15:32,"The NCAA tournament is down to the Final Four, and Carson Shipp and Tanner Strauss break down the action leading up‚Ä¶ https://t.co/BCL0IGVcUa"
Little Elm Journal,1113611024001904641,2019-04-04 01:15:32,"The NCAA tournament is down to the Final Four, and Carson Shipp and Tanner Strauss break down the action leading up‚Ä¶ https://t.co/mpLraYwFYL"
Lewisville Leader,1113611022902992896,2019-04-04 01:15:32,"The NCAA tournament is down to the Final Four, and Carson Shipp and Tanner Strauss break down the action leading up‚Ä¶ https://t.co/lwzhIBFtKd"
Lake Cities Sun,1113611021724397569,2019-04-04 01:15:32,"The NCAA tournament is down to the Final Four, and Carson Shipp and Tanner Strauss break down the action leading up‚Ä¶ https://t.co/rS07FW34oV"
Frisco Enterprise,1113611020579291136,2019-04-04 01:15:31,"The NCAA tournament is down to the Final Four, and Carson Shipp and Tanner Strauss break down the action leading up‚Ä¶ https://t.co/b2OyFrJLHZ"
Coppell Gazette,1113611019543285760,2019-04-04 01:15:31,"The NCAA tournament is down to the Final Four, and Carson Shipp and Tanner Strauss break down the action leading up‚Ä¶ https://t.co/Hg66LhcOar"
Celina Record,1113611018528264193,2019-04-04 01:15:31,"The NCAA tournament is down to the Final Four, and Carson Shipp and Tanner Strauss break down the action leading up‚Ä¶ https://t.co/u8sC72qXWp"
Carrollton Leader,1113611017458786304,2019-04-04 01:15:31,"The NCAA tournament is down to the Final Four, and Carson Shipp and Tanner Strauss break down the action leading up‚Ä¶ https://t.co/LycnuBejex"
Allen American,1113611016108150784,2019-04-04 01:15:30,"The NCAA tournament is down to the Final Four, and Carson Shipp and Tanner Strauss break down the action leading up‚Ä¶ https://t.co/cI94aUL2w7"
James Murdoch,1113608435759763457,2019-04-04 01:05:15,"2019 March Madness: Texas Tech may have the most fans at Final Four, ticket data indicates https://t.co/VYLz5FOAfd"
‚¶ïByTheNumbers‚¶ñ,1113607587466027008,2019-04-04 01:01:53,FINAL FOUR BEST BETS: Can Auburn upset UVA or will Texas Tech shock MSU? Julian Edlow shares his advice on how to a‚Ä¶ https://t.co/Xecms0MwfN
MontgomeryAdvertiser,1113607364631048192,2019-04-04 01:01:00,"Your guide to becoming an expert on the Auburn men's basketball players before the Final Four

#WarEagle #Auburn‚Ä¶ https://t.co/qJU5e1x5g8"
DK Live,1113607160427106304,2019-04-04 01:00:11,FINAL FOUR BEST BETS: Can Auburn upset UVA or will Texas Tech shock MSU? Julian Edlow shares his advice on how to a‚Ä¶ https://t.co/fVmxoJWHKU
Nuggets Fangirl,1113606647916761088,2019-04-04 00:58:09,Final Four games this weekend are going to be intense... I‚Äôve got Virginia going all the way! ü§ûüèºüèÄ In honor of the C‚Ä¶ https://t.co/nVDyMW2V4p
Sire Studios @ Motor City May 17-19,1113605710535901185,2019-04-04 00:54:25,"‚ÄòAvengers Endgame March Madness FINAL FOUR, Amanda Rose Interview | EP 164‚Äô on #SoundCloud #np #podernfamily https://t.co/T6hLnY5cLd"
Sean la,1113603761614856192,2019-04-04 00:46:41,"https://t.co/wMKmmJ6Mg3
Tom Izzo is already one of the best coaches in college basketball. But winning a second nat‚Ä¶ https://t.co/63IrxyTQQ5"
Mitchell Carr,1113603346533834752,2019-04-04 00:45:02,"With two first-time teams in the Final Four, this has been an exciting and unpredictable March Madness tournament! https://t.co/JNfvFAxoVt"
Lansing State Journal,1113601338267643904,2019-04-04 00:37:03,Tom Izzo: Michigan State basketball hopes to go 'one step farther' at Final Four https://t.co/RRjUXpomn4
Gene Canal,1113600284574593028,2019-04-04 00:32:52,LET'S GO!!!!!#TwinCitiesTakeover #WreckEm #4To1 https://t.co/QmVSWwFfCt
Tiffany Bishop,1113598079658287105,2019-04-04 00:24:06,"FOMO. ‚ù§Ô∏èüñ§‚ù§Ô∏èüñ§

Keith Sharp can you pull some strings? üòÇ

https://t.co/ZkC5FzRNob https://t.co/ZkC5FzRNob"
Jeff,1113597849219080192,2019-04-04 00:23:11,@gunsupnation https://t.co/o4ACAXh5lU BOOM!! @TTUHoopsFans #4:1 #RedRaiders
"David Sanderson, CLU",1113596975734231046,2019-04-04 00:19:43,Of course we do. https://t.co/9PlvpDdRHg
Kelly Walters Geyer,1113596913322995712,2019-04-04 00:19:28,March Madness Final Four Hype 2019 https://t.co/rSFHpNph3C via @YouTube #VICTORYFORMSU #GOGREENGOWHITE #SpartansWill
Coast,1113596822184919040,2019-04-04 00:19:06,Even for 1 of college basketballs legendary coaches this is a huge statement! #DukeFanBUTMSUisMAGIC‚Ä¶ https://t.co/lIIsQFJS0H
Abriel Siregar,1113596797807624193,2019-04-04 00:19:00,"@chrispy_42 and I have our own PA @troy_closson on this all basketball edition of the 'bet!' podcast.

We look at o‚Ä¶ https://t.co/BXNXBnwRDD"
Barry Propes,1113596566990880769,2019-04-04 00:18:05,"2019 March Madness: Texas Tech may have the most fans at Final Four, ticket data indicates -‚Ä¶ https://t.co/h7zhoA74RH"
Kelly Walters Geyer,1113596503715610624,2019-04-04 00:17:50,March Madness Final Four Hype 2019 https://t.co/rSFHpNph3C via @YouTube
James Grey,1113594720289284097,2019-04-04 00:10:45,"The State of Texas was never know for playing Basketball, UNTIL Now and WE HAVE TEXAS TECH IN THE MARCH MADNESS IN‚Ä¶ https://t.co/HcHN5CVPUz"
Al Wilson,1113594102971621377,2019-04-04 00:08:18,Tom Izzo: Michigan State basketball hopes to go 'one step farther' at Final Four https://t.co/NV8w49x5qq via ‚Å¶@LSJNews‚Å©
VIVA THE FINAL FOUR!!!,1113594017843957760,2019-04-04 00:07:58,"‚ÄúTexas Tech may have the most fans at Final Four, ticket data indicates‚Äù

Raider Power about to be broadcast to the‚Ä¶ https://t.co/tENAyhJqsW"
Hi Fi Scottsdale,1113593412257607680,2019-04-04 00:05:33,"MARCH MADNESS -FINAL FOUR AT FI - 
https://t.co/dmWlVArxvm https://t.co/frLPUeYagB"
9ijaNews,1113592655789862912,2019-04-04 00:02:33,"2019 March Madness: Texas Tech may have the most fans at Final Four, ticket data¬†indicates https://t.co/Wsgl829452"
LSJ Sports,1113592280789725184,2019-04-04 00:01:03,MSU football coach Mark Dantonio was among the group of people shaking hands with players as they departed for the‚Ä¶ https://t.co/76MVoO67eJ
NBA News Now,1113591892430577664,2019-04-03 23:59:31,"2019 March Madness: Texas Tech may have the most fans at Final Four, ticket data indicates -  NCAA Basketball -‚Ä¶ https://t.co/3zLYUqAY9f"
≈¶exas≈¶echHoopsFans,1113591810314600448,2019-04-03 23:59:11,"RED RAIDER NATION!  LET‚ÄôS GO!!
üî¥#RoadRaiders‚ö´Ô∏è
#FinalFour #4to1 
https://t.co/jz9PG0haQF"
Mark V,1113590984053592064,2019-04-03 23:55:54,Everyone Gets Free @PizzaHut P‚ÄôZones if There‚Äôs a Major Comeback in the #FinalFour @Thrillist https://t.co/5liTIVI2xn
Laura Ward,1113590835302375425,2019-04-03 23:55:19,"No pressure, boys. 

https://t.co/3hrOD7Is7X"
SportsRadio 740,1113589521017262080,2019-04-03 23:50:05,"2019 March Madness: Texas Tech may have the most fans at Final Four, ticket data indicates https://t.co/ekhUJ41uEA https://t.co/GTWXauRyEs"
AJ Jones,1113588782773800961,2019-04-03 23:47:09,Add me to the list of haters. #SorryNotSorry https://t.co/e6Fj5RS2Y7
MrFutbol,1113588508537397249,2019-04-03 23:46:04,@AaronBlake @thamburger @AshleyRParker March Madness pics are in please call the law offices Jay 1-888MENSREA for y‚Ä¶ https://t.co/QTkrUu2vLH
Jake Darnell,1113585955112476673,2019-04-03 23:35:55,Anyone else agree? Or does his coaching reputation not matter? Be curious to hear some opinions on this‚Ä¶ https://t.co/8BqV3ifiyF
Nakia Fleming,1113585240964988928,2019-04-03 23:33:05,"https://t.co/av9HIY0Lgn
Tom Izzo is already one of the best coaches in college basketball. But winning a second nat‚Ä¶ https://t.co/XVhwmnSWlq"
Jeff,1113585074539253760,2019-04-03 23:32:25,Tom Izzo said he needs to win national title this year to 'validate' career at Michigan State https://t.co/AQS9wpMfMA
Lansing State Journal,1113584720099540992,2019-04-03 23:31:01,"Your guide to becoming an expert on the Michigan State men's basketball players before the Final Four

#MSU‚Ä¶ https://t.co/RqlO2e8Yxt"
Phil Friend,1113584632006627330,2019-04-03 23:30:40,Michigan State left campus this afternoon for Minneapolis and the Final Four. Tom Izzo vows the team will try and g‚Ä¶ https://t.co/XtK8Be4uou
GreenandWhite.com,1113583339523465217,2019-04-03 23:25:32,"""Our soccer team went to a Final Four this year. We are going to try to go there and maybe take it one step farther‚Ä¶ https://t.co/7uj6CHPqIW"
USA TODAY,1113582450247196672,2019-04-03 23:22:00,"The FEC filing deadline is April 15, so, only the candidates who feel they have something to brag about have releas‚Ä¶ https://t.co/d7OS23E7e9"
SI College Hoops,1113580714660978689,2019-04-03 23:15:06,The Sweet 16 and Elite Eight have flipped the conversation from where this tournament ranks among the most boring e‚Ä¶ https://t.co/QKJCkqE33d
mspmag,1113580195921850368,2019-04-03 23:13:02,"March's Margarita Madness is down to the Final Four! Cast your votes today, and don't forget to snap a pic with‚Ä¶ https://t.co/eCO1bX2PoJ"
OldGoldFreePress.com,1113579315713601536,2019-04-03 23:09:32,Mamadi Diakite delivers on promise to Tony Bennett - 247Sports https://t.co/aDKLyWvDol
Memphis oGoing,1113576801006014464,2019-04-03 22:59:33,What's going on? March Madness 2019: SN's Mike DeCourcy ranks 29 years of Final Four experiences - Sporting News‚Ä¶ https://t.co/Ab5VEeh644
Ryan Young,1113576436193878016,2019-04-03 22:58:06,"Izzo doesn't have to ""validate"" anything with a title this weekend. 

It's hard to hate on that mindset, though.
https://t.co/IZxPEnSho2"
Claymont Library,1113569606508138497,2019-04-03 22:30:57,"Brackets aren‚Äôt just for basketball!! Claymont has been holding its own annual March Madness, and we‚Äôre voting for‚Ä¶ https://t.co/DfbOE8AEYP"
Dlaf,1113567114223411200,2019-04-03 22:21:03,God I wish these guys were wrong on Cavs. //Check out what the experts are saying ahead of the Final Four in March‚Ä¶ https://t.co/5FbVX2cMZp
Ashley Cruz,1113566382376083457,2019-04-03 22:18:09,How many times in the history of March madness have these schools been left in the final four? Students created a p‚Ä¶ https://t.co/FgMMPKNpIz
Nitrogen Sports,1113563090006814721,2019-04-03 22:05:04,"Only four teams left in the tournament. Who will earn their tickets to the national finals? #FinalFour

Read:‚Ä¶ https://t.co/0PzodyuRhQ"
CPHS News,1113561936648654848,2019-04-03 22:00:29,"As the Final Four approaches, @noahrhedges gives a rundown on what has happened in March Madness so far and what to‚Ä¶ https://t.co/5xFBw6lLlx"
Dave Collins,1113560194586435589,2019-04-03 21:53:33,How Chris Beard Built Texas Tech Into College Basketball‚Äôs Most Unlikely Juggernaut https://t.co/XMr9HkHNZG via @ringer
"Lizz ""Abortion AF"" Winstead",1113557270024151042,2019-04-03 21:41:56,"The final four is set for #MarchMadness, but in the March on Abortion Madness we've got state after state competing‚Ä¶ https://t.co/o2Wy4eEsox"
Mr. Ryan Lowe¬Æ,1113556454701719552,2019-04-03 21:38:42,Final Four 2019: Ranking March Madness's best seed upsets | https://t.co/miini3clug https://t.co/zvVSLwQloq
Susan Sember,1113556342281732097,2019-04-03 21:38:15,The March Madness Final Four special edition produced by Beyond the Game Film &amp; Rebound Magazine for the upcoming F‚Ä¶ https://t.co/OplDPQcZDw
Susan Sember,1113555159685136386,2019-04-03 21:33:33,The March Madness Final Four special edition produced by Beyond the Game Film &amp; Rebound Magazine for the upcoming F‚Ä¶ https://t.co/rJwXtMwdIR
Susan Gentile,1113553878308405248,2019-04-03 21:28:28,March Madness 2019: Buying or Selling Final Four Stars‚Äô NBA¬†Futures https://t.co/G8exWtoL9X
Kevin Hobe,1113553229059694592,2019-04-03 21:25:53,March Madness is going on strong!!! Straight to the final four with ya Michigan State üí™üèÄ #kingslayer #dukeslayer
BlogBookMark,1113552825055768576,2019-04-03 21:24:16,March Madness 2019: SN‚Äôs Mike DeCourcy ranks 29 years of Final Four¬†experiences https://t.co/aulzkRM08U
Sporting News College Basketball,1113552769795809281,2019-04-03 21:24:03,"Final Four 2019: Updated odds to win reach finals, win national championship https://t.co/XatsHz7TQ4 https://t.co/i9mBZMKzwz"
SI College Hoops,1113551011338248197,2019-04-03 21:17:04,Which title-game matchup would be the best for college basketball? What conference impressed us the most in March?‚Ä¶ https://t.co/1CuevHUhjN
Joe Ward,1113550083969122311,2019-04-03 21:13:23,"How Chris Beard Built Texas Tech Into an Unlikely Basketball Juggernaut - The Ringer
‚Å¶@caseyraider‚Å©  https://t.co/NbBmasnv9W"
USA TODAY Sports,1113547974553030658,2019-04-03 21:05:00,"Texas Tech, Virginia, Michigan State and Auburn are in the #FinalFour for a reason. These players are big reasons. https://t.co/1sZKQD58df"
numberFire,1113544273616617472,2019-04-03 20:50:18,Mamadi Diakite has played like Virginia's MVP through four games. Could he lead them to their first ever NCAA Title‚Ä¶ https://t.co/I9pbWWpa20
Love^10,1113542773376999424,2019-04-03 20:44:20,@herekittykittee this one..i can help with. just drop something about March Madness / Final Four to get them started...then bail.
Michael DeCourcy,1113541000981565442,2019-04-03 20:37:17,"This week in Minneapolis, I'll be honored to cover my 30th #FinalFour. To mark that occasion, I have ranked the pre‚Ä¶ https://t.co/sTPSnFj2aT"
Tamanna Bhatia,1113540382816722944,2019-04-03 20:34:50,March Madness 2019: Buying or Selling Final Four Stars‚Äô NBA¬†Futures https://t.co/uc4RnuiFMW
Turnt Sports News,1113539989093081088,2019-04-03 20:33:16,March Madness 2019: SN's Mike DeCourcy ranks 29 years of Final Four experiences | NCAA Basketball -‚Ä¶ https://t.co/kxNCWCGWzY
Just the FACTS,1113539710327119872,2019-04-03 20:32:10,#Sport #Facts March Madness 2019: SN's Mike DeCourcy ranks 29 years of Final Four experiences: Saturday's Final Fou‚Ä¶ https://t.co/pXDPAcT2Qv
Sporting News College Basketball,1113539679578521600,2019-04-03 20:32:02,March Madness 2019: SN's Mike DeCourcy ranks 29 years of Final Four experiences https://t.co/VqXLprQbAv https://t.co/s2vHTpfCWO
New Reaper Main,1113537393523609603,2019-04-03 20:22:57,"After a big two weeks of battles, here are your winners for the first round of K-ON March Madness.

1) Mio defeats‚Ä¶ https://t.co/4y75jYYppf"
Stephanie March,1113537357142216705,2019-04-03 20:22:49,Holy Limes! We are down to the Final Four Margaritas in March's Margarita Madness!! It's @SonoraGrill_MSP vs. Tinto‚Ä¶ https://t.co/5SlGp7to6F
Ryne Parrish,1113536307710570496,2019-04-03 20:18:38,"i.e. a team whose games are nationally televised and is successful‚Äîwhich describes many March Madness teams.

For e‚Ä¶ https://t.co/vFwpNgLGNO"
Ryne Parrish,1113536302518034432,2019-04-03 20:18:37,My least favorite March Madness take is the ‚Äúwhere were all these Tech fans two months ago?‚Äù take. Because of cours‚Ä¶ https://t.co/U16Vc0QJkf
sportslinesodds,1113534983023419393,2019-04-03 20:13:23,"Michigan State 2019 March Madness Final Four Preview
#MichiganState offers the second lowest College Basketball Nat‚Ä¶ https://t.co/Cxvm6SUk0q"
Matt Weagle,1113531790151507968,2019-04-03 20:00:41,"Great example of how metrics generally aren't enough. Nothing about ""talking"" on the scoreboard.  

'In the Kill Dr‚Ä¶ https://t.co/At60oudhNj"
Jackson,1113531052381868033,2019-04-03 19:57:45,"Check out my new article on Cover the Spread 365 
https://t.co/myGk5jfejh"
Valhalla Tickets,1113530363727556609,2019-04-03 19:55:01,"With the Final Four only 3 days away, who is your prediction to win the 2019 March Madness Tournament?"
SI College Hoops,1113527873950900224,2019-04-03 19:45:08,"To build Auburn into a Final Four team, Bruce Pearl had to sell his players on a vision that came to fruition on Su‚Ä¶ https://t.co/mWC2A0kWfQ"
Brett Akagi,1113527256369045505,2019-04-03 19:42:40,The most important player for each Final Four team in their quest to win national titles https://t.co/0V1V4S47CD via @usatoday
3rd Grade Einsteins,1113525655067668481,2019-04-03 19:36:19,"March Madness Most Courageous Historical Person Tournament
We went from the Elite Eight down to the Final Four:

De‚Ä¶ https://t.co/0hl0TLT7fh"
News & Quotes,1113522572157751303,2019-04-03 19:24:04,How Chris Beard Built Texas Tech Into an Unlikely Basketball Juggernaut - The Ringer https://t.co/huCwSPygQV via @GoogleNews
APPSportsDesk,1113521939618979841,2019-04-03 19:21:33,The most important player for each Final Four team in their quest to win national titles https://t.co/LOU6xMrfWT @marchmadness
Ben Maki,1113519689785679872,2019-04-03 19:12:36,"""In the era of the 3-point shot, it‚Äôs time to find out whether defense really can win championships.""
https://t.co/yOWcaGVMiz"
The Ringer,1113518097196048386,2019-04-03 19:06:17,".@rodger breaks down how Chris Beard built @TexasTechMBB into college basketball‚Äôs most unlikely juggernaut

https://t.co/ZOzxt4OIP6"
NFTY,1113517794518237184,2019-04-03 19:05:05,"Our March Madness: Sports Israel edition bracket is down to the Final Four: Hummus &amp; Pita, Gal Gadot, Tel Aviv Beac‚Ä¶ https://t.co/uKZTzjb4Xn"
Changing Spaces Moving & Storage,1113517038218219521,2019-04-03 19:02:04,Who else has been keeping watch on the NCAA games? Alabama will be represented this year by Auburn who will be goin‚Ä¶ https://t.co/nfHyyvyxvv
Walt Whitman Archive,1113515720548257793,2019-04-03 18:56:50,"The final game for March Madness üèÄ is Apr. 8, so we're starting our final round of alternate _Leaves of Grass_ titl‚Ä¶ https://t.co/m0vlQYohZw"
Sports Galaxy World,1113513254016421888,2019-04-03 18:47:02,"2019 NCAA Tournament TV schedule, scores: March Madness bracket, Final Four times, live streams
Here's the master s‚Ä¶ https://t.co/2rIEU2PE5I"
Basketball Stuff,1113512632991064064,2019-04-03 18:44:34,New video by NCAA March Madness: Follow Texas Tech's road to the Final Four https://t.co/B2Y52hvTi9
Jalen Barnes,1113511127953039360,2019-04-03 18:38:35,"@CCalhounKJR Here's my funny March Madness story.
made 3 brackets, one I made, an auto generated one by chalk, and‚Ä¶ https://t.co/0dW6NUdN4N"
Basketball Stuff,1113510221400412160,2019-04-03 18:34:59,New video by NCAA March Madness: Travel down Virginia's road to the Final Four https://t.co/oKdUKbLC4Q
Sport & Social Club,1113509426907025409,2019-04-03 18:31:50,"The Final Four is set in our March Madness Team Name Challenge!

Vote now!

https://t.co/42kQLYBTB4 

#KeepPlaying"
Basketball Stuff,1113507769389334528,2019-04-03 18:25:14,New video by NCAA March Madness: Relive the Michigan State Spartans' road to the Final Four https://t.co/9DOgnZCBgF
The Local,1113507338537918464,2019-04-03 18:23:32,"Preparations are underway for NCAA March Madness, Final Four outside our door. This weekend‚Äôs going to be epic üèÄ https://t.co/1GMFZ7OZwW"
SI College Hoops,1113505211992166401,2019-04-03 18:15:05,Teams blew past 2018‚Äôs record number of threes in an NCAA tournament this year‚Äîexpect more to come in the Final Four https://t.co/cFrGVHc3Yd
Coolidge Middle School,1113503208784171009,2019-04-03 18:07:07,Jesus and Hippocrates take each other on in the Final Four of March Madness! https://t.co/DoyYclh3oA
Schmitty's Snuff,1113503146699948032,2019-04-03 18:06:52,"As the Final Four is set for March Madness, how is your bracket looking? We can tell you that Schmitty‚Äôs Snuff does‚Ä¶ https://t.co/Z2THmwU9PD"
American Sports News,1113502663814021123,2019-04-03 18:04:57,"2019 NCAA Tournament TV schedule, scores: March Madness bracket, Final Four times, live streams‚Ä¶ https://t.co/V4ki56UlRS"
WRBL News 3,1113501617918238722,2019-04-03 18:00:48,"FINAL FOUR: Watch Michigan State vs. Texas Tech on Saturday, April 6@8:49 pm EST on WRBL/CBS! Who will win?

Thanks‚Ä¶ https://t.co/eIeoRBMZSV"
Global News Report,1113497908676952064,2019-04-03 17:46:03,"""#NCAA News: 2019 #NCAA Tournament TV schedule, scores: March Madness bracket, Final Four times, live streams - CBS‚Ä¶ https://t.co/1xoUNKBDZU"
FanDuel,1113497709472821250,2019-04-03 17:45:16,"Zion &amp; Duke are out, so which players should you keep an eye on as the tournament comes to a dramatic finish?

4 Fi‚Ä¶ https://t.co/UzbB1Tisng"
Dave Ackert,1113497028070342658,2019-04-03 17:42:33,"How did your team fare during March Madness? 
Compare it to their average ranking heading into the tourney.‚Ä¶ https://t.co/cxE8xqGFvk"
Courier Journal Sports,1113495125227986949,2019-04-03 17:35:00,We're only a few days away from the #FinalFour in Minneapolis. Here's all the details on how to watch and stream th‚Ä¶ https://t.co/aWn1KqIhqG
Bill Kane,1113493129036955654,2019-04-03 17:27:04,We have reached the Final Four of our March Madness Literacy Edition!! It‚Äôs a battle of literary icons!!‚Ä¶ https://t.co/3CEpsEgdav
Micro Blogs,1113492114904506368,2019-04-03 17:23:02,Final Four preview: what to watch for in the last leg of March Madness https://t.co/bU4BIQLUu9 :) https://t.co/hwG2C55XwX
On The Break,1113490349153050624,2019-04-03 17:16:01,March Madness 2019: Buying or Selling Final Four Stars' NBA Futures - Bleacher Report https://t.co/XYf7bhH4Uv
The Harbinger,1113488869574565889,2019-04-03 17:10:08,"With Duke out of the game, many of us are left wondering if we were wrong about our picks for the Final Four. Watch‚Ä¶ https://t.co/7WlQWrCgjq"
Minnesota Historical Society,1113488234921775107,2019-04-03 17:07:37,Very exciting to see our Mill City Museum mentioned in this @USATODAY piece! The Minneapolis riverfront has transfo‚Ä¶ https://t.co/HIjQxvJ7eo
Allison Hepfer,1113487217752707074,2019-04-03 17:03:34,The final four has been determined! Who will win the 2019 March Madness Picture Book Tournament? https://t.co/5oE3xEbN8O
Mike Chitwood,1113486512186896384,2019-04-03 17:00:46,"@LanceMcAlister *‚ÄúWoo‚Äù SUCKS !
*Votto deal is what it is.  Can‚Äôt change it and you can‚Äôt trade him. Have to hope he‚Ä¶ https://t.co/kYdsSgDu8k"
Now at Pregame.com,1113484588339187712,2019-04-03 16:53:08,Last Day CBB March Madness All-Access! EVERY remaining CBB pick from your favorite Pro thru Final Four. Only $49. https://t.co/KEUVkWgVM9
OX Sports,1113483046458613760,2019-04-03 16:47:00,"What're your final predictions for March Madness Final Four?!

#MarchMadness #FinalFour #OXSports #Sports‚Ä¶ https://t.co/iqVvGHbT9Y"
Sen_tee_mental,1113482475206979584,2019-04-03 16:44:44,Check out our newest blog... the final four teams are ready to play... How did you do??? #basketball#tshirt#sen_tee‚Ä¶ https://t.co/82icGGphx8
cb,1113481656420245510,2019-04-03 16:41:29,How Chris Beard Built Texas Tech Into an Unlikely Basketball Juggernaut - The Ringer https://t.co/lUOg0hi2vY
RedRaiderMargie,1113481111580151809,2019-04-03 16:39:19,March Madness: Power ranking the Final Four teams (via @TheSizzle20) https://t.co/ZScY7kyken
RG3,1113480775372902400,2019-04-03 16:37:58,"In true March Madness fashion, I'll ultimately have a Final Four poll for gravy/sauce"
Gregory Becton,1113480479838224384,2019-04-03 16:36:48,From Discover on Google https://t.co/osfiuYg4E9
JOURNEYMANÔºà„Ç∏„É£„Éº„Éã„Éº„Éû„É≥Ôºâ,1113480272379412481,2019-04-03 16:35:59,March Madness 2019: Virginia's Kihei Clark makes a Final Four genius of Tony Bennett https://t.co/SyLoguGllX
Kyle Robert,1113480051213750273,2019-04-03 16:35:06,.@grieserulz14 and I are back with picks for #finalfour! Who do we like? Who should you back? Check it out!!! https://t.co/43Ec1vvr1L
BettingPros,1113477865708826624,2019-04-03 16:26:25,"Our experts reveal their top betting picks for the upcoming #MarchMadness semifinals:

https://t.co/WwmZY8FSPF"
AntoLin Cellars,1113476755518623744,2019-04-03 16:22:00,Come in today and tomorrow from 3-8pm &amp; stock up for March Malbec Madness final four this weekend. üç∑ Sip &amp; üèÄ Swish!‚Ä¶ https://t.co/xl24mzphgp
Juj,1113474831964676097,2019-04-03 16:14:21,she got them march madness teeth. down to the final four.
Trey Killian,1113473905036013568,2019-04-03 16:10:40,"#Auburn and #TexasTech are in the #FinalFour for the 1st time ever!

How many newcomers have made it since 1985? Ho‚Ä¶ https://t.co/UmB8644ogO"
Lodemmer De Roxas,1113471651188957185,2019-04-03 16:01:43,"Michigan State vs. Texas Tech: Picks, predictions for March Madness Final Four matchup https://t.co/7jS3ukWZwX https://t.co/n9lmUSMKs4"
Gambling.com US,1113471411417432065,2019-04-03 16:00:46,"Texas Tech and Auburn have made it to their first #FinalFour appearance.

How should you bet them? ü§î 

@treykillian‚Ä¶ https://t.co/U34jmmDmlx"
RPMS Library,1113469218748547072,2019-04-03 15:52:03,"The Final Four of our March Madness book bracket ends tomorrow.  Help to select your favorite book!
https://t.co/JtY4OUNjFZ"
Jason Caston,1113468024110166016,2019-04-03 15:47:18,Verizon has flipped the switch on the first parts of its 5G mobile network a week ahead of schedule. The service is‚Ä¶ https://t.co/MFTuH1i0fi
RMHC-UM,1113467485515284481,2019-04-03 15:45:10,"Love golf, gaming &amp; good times? Join us for the grand opening of @TCL_USA's Esports Lounge at @topgolfmn this Sat.‚Ä¶ https://t.co/XzGmY5trUz"
Betting Gods,1113463171371675648,2019-04-03 15:28:01,March Madness 2019 - First Final Four https://t.co/1v3rrMjXbR https://t.co/w2q32mrLio
WinafyDFS,1113460744853569536,2019-04-03 15:18:23,March Madness: 4 Final Four X-Factors https://t.co/9sYdspLTNk via numberfire #DFS
numberFire CBB,1113460159496351744,2019-04-03 15:16:03,March Madness: 4 Final Four X-Factors https://t.co/psV8w0H1yK
DubV,1113459951861735425,2019-04-03 15:15:14,Pizza Hut Final Four Deal: How to Get Free Pepperoni P'Zones - Thrillist https://t.co/5TpMqr4z2a
Leyendecker & Lemire,1113459935604559872,2019-04-03 15:15:10,"""The NCAA goes so far as to trademark ‚ÄúDribble,‚Äù though it appears to safeguard a free parade for kids hosted durin‚Ä¶ https://t.co/mqe9IzEgb1"
Collin L. Hayes,1113459639310532609,2019-04-03 15:13:59,"Well done. 
 https://t.co/byFhiKGzUj"
Mrs. Barbour,1113459359546322950,2019-04-03 15:12:53,We are in the Final Four portion of our March Madness tournament in PE class. Will you win the championship and sig‚Ä¶ https://t.co/RlfEKCLdXk
Mark Andrade,1113458233832804354,2019-04-03 15:08:24,Another great read. ‚ÄúHow Chris Beard Built Texas Tech Into an Unlikely Basketball Juggernaut‚Äù - The Ringer https://t.co/P3vd4fWYJE
WINY Radio,1113458147199418368,2019-04-03 15:08:04,"FROM THE SPORTS DEPARTMENT: (AP) ‚Äî In the 30 seasons since the NCAA Tournament started morphing into ""March Madness‚Ä¶ https://t.co/EvTk8rqiIk"
David Woolverton,1113457758785949696,2019-04-03 15:06:31,good read on @TexasTechMBB from the @ringer https://t.co/9BFBWXCBPW
Dan Shuftan,1113457329750593536,2019-04-03 15:04:49,In honor of the P‚ÄôZONE‚Äôs return @Pizza will give away a free Pepperoni P‚ÄôZONE to fans nationwide if a team overcome‚Ä¶ https://t.co/oIdSViNOkf
FantasyLabs,1113456124634832898,2019-04-03 15:00:01,"Win $500 in Cash: Enter Our FREE Final Four Props Contest
https://t.co/JZv9tOhT4C"
Allen Corbin,1113453094229008384,2019-04-03 14:47:59,How Chris Beard Built Texas Tech Into an Unlikely Basketball Juggernaut - The Ringer #4to1 #WreckEm https://t.co/4RxrEoQ7Wt
UWGB Cofrin Library,1113452343784300547,2019-04-03 14:45:00,"March Book Madness FINAL FOUR! Friday Night Lights vs. Chocolate Chip Cookie Murder
VOTE NOW!!‚Ä¶ https://t.co/2VQJI2Vogt"
SB Nation College,1113451912509231104,2019-04-03 14:43:17,Vegas Odds: Gambling Guide for the Final Four https://t.co/FLO268oM42
Ryan Reese,1113451269425856513,2019-04-03 14:40:44,The only thing better than betting the Final Four is betting the Final Four with Virginia involved. Want a take on‚Ä¶ https://t.co/0MfcLAZMSl
Robert W. Kyle,1113450746568114182,2019-04-03 14:38:39,March Madness: Power ranking the Final Four teams (via @TheSizzle20) https://t.co/CGN7nuxZql
Streaking the FINAL FOUR!!,1113450487968354304,2019-04-03 14:37:37,The only thing better than betting the Final Four is betting the Final Four with Virginia involved. Want a take on‚Ä¶ https://t.co/QOI9Gg9WNB
Johnny Fowler,1113450196132876288,2019-04-03 14:36:28,"Excellent article.

https://t.co/cZdwEzGfVp"
Kelly Sinclair,1113449976573591558,2019-04-03 14:35:35,How Chris Beard Built Texas Tech Into College Basketball‚Äôs Most Unlikely Juggernaut https://t.co/nRbfiUNiyH via @ringer
Rock Solid Sports,1113448640939425792,2019-04-03 14:30:17,"On this episode of Dribblin' Through Dixie, the crew reflects on the #Vols season, talks about Admiral/ Lofton Co-j‚Ä¶ https://t.co/1QcdDqdKeb"
Smith Sports,1113448603903832065,2019-04-03 14:30:08,"RT¬†@SInow: In falling to Michigan State in the Elite 8, the Blue Devils couldn't live up to their lofty expectation‚Ä¶ https://t.co/rHe4GugvA5"
Twin Cities Apologetics,1113448257189969920,2019-04-03 14:28:46,"With the NCAA Final Four coming to Minneapolis this weekend, we decided to have a lil' fun and created a March Madn‚Ä¶ https://t.co/uiq8S0HQLw"
"Adam, Diabetic Cyborg",1113447899264843776,2019-04-03 14:27:20,#How #ChrisBeard Built #TexasTech Into #CollegeBasketball‚Äôs Most Unlikely #Juggernaut https://t.co/PI8HBgOv89 via‚Ä¶ https://t.co/ARa0AeJhl3
Dorothy.J,1113445629122949120,2019-04-03 14:18:19,"Virginia earns first Final Four spot since 1984, winning classic overtime thriller with Purdue https://t.co/jpLH0TJSzD"
The Ringer,1113444433423470592,2019-04-03 14:13:34,Texas Tech was long a Big 12 afterthought. Now it‚Äôs on the brink of a national title. The Red Raiders‚Äô meteoric ris‚Ä¶ https://t.co/HXrntXn9zv
Needles56,1113443421686063105,2019-04-03 14:09:33,#4 is @KentuckyDerby at @ChurchillDowns RT Americans say March Madness Final Four is one of top 3 most exciting spo‚Ä¶ https://t.co/j9sWRgl9rL
Molly Kern,1113442448221536256,2019-04-03 14:05:41,Getting really excited for the final four of March Madness!!
Trey Killian,1113441793360707584,2019-04-03 14:03:04,"We're just a couple days away from the #NCAAB #FinalFour!

2 teams (#Auburn and #TexasTech) will be making their fi‚Ä¶ https://t.co/TvgCqrawpi"
YouGov Sport (SMG Insight),1113430325466685440,2019-04-03 13:17:30,Americans consider the Final Four of college basketball's March Madness competition to be one of the top three most‚Ä¶ https://t.co/8KmRrrQmWe
SI College Hoops,1113429458751504384,2019-04-03 13:14:04,Which title-game matchup would be the best for college basketball? What conference impressed us the most in March?‚Ä¶ https://t.co/KEerPcDOKB
Oregon Sports News,1113426381784752128,2019-04-03 13:01:50,Need a perfect distraction during the Final Four? Jesse Morse has the book that will do it! Why he recommends Kwame‚Ä¶ https://t.co/l28qjw7XxD
Unplugg'd Sports,1113425926136713216,2019-04-03 13:00:01,"The 'bet!' podcast is back! After a Spring Break hiatus, @chrispy_42 and @abrielgraphics return to the studio with‚Ä¶ https://t.co/bxf3Hldofa"
üé≤ GamingCopy,1113423650139639808,2019-04-03 12:50:59,Michigan State 2019 March Madness Final Four Betting¬†Preview https://t.co/IhAojPTBoX https://t.co/WWUibinqtI
The GL Corps,1113421280315936769,2019-04-03 12:41:34,Green Lantern March Madness ‚Äô19 Final Four: Hal Jordan vs Guy Gardner | The Green Lantern Corps https://t.co/4JdXLzpVpx
Billy Mayer,1113421183528132608,2019-04-03 12:41:11,"Our FINAL FOUR are left for the MARCH MADNESS Reading Challenge...

Who‚Äôs it gonna be?

K/1-Don‚Äôt let the Pigeon Dr‚Ä¶ https://t.co/hwzVVwwBaH"
Drew Forrester,1113420090689687553,2019-04-03 12:36:50,https://t.co/DlzvpDBfQ0 looks at the recent rules snafu involving Sergio Garcia and Matt Kuchar and lays blame wher‚Ä¶ https://t.co/4ut6D3Z07w
SC Bar & Kitchen,1113419379411177472,2019-04-03 12:34:01,March Madness 2019: 3 storylines to follow in the Final Four https://t.co/wWMcfNvgCF
Becky,1113418983095656448,2019-04-03 12:32:26,IReady March Madness!!! The elite eight are working hard to move to the final four.  The ‚Äúplayer‚Äù with the highest‚Ä¶ https://t.co/iUh2XMNFGO
The Daily Caller,1113416237315493888,2019-04-03 12:21:31,Wichita State (A Team Not Good Enough For March Madness) Lost In The NIT. Will Their Soft Fans Cry? https://t.co/G1H4vpwRGM
Matthew E. Harman,1113414206890696704,2019-04-03 12:13:27,"Winston, Guy headline updated March Madness MOP odds https://t.co/vZqCsF4fmD"
Matthew Freedman,1113412581627244549,2019-04-03 12:07:00,"Win $500 in Cash: Enter Our FREE Final Four Props Contest

https://t.co/dnBDwbfoYy"
üéÆüïπGreen Leaf City Video GamingüéÆüïπ,1113412496386404352,2019-04-03 12:06:39,"""Wendy‚Äôs March Madness Pick ‚ÄôEm ‚Äî Final Four""  https://t.co/06aU95HilI"
Leslie Lewis,1113412310352187392,2019-04-03 12:05:55,"As March Madness reaches the Final Four, let your students consider historically which college must have the best b‚Ä¶ https://t.co/ifAnP3eFsZ"
NBA 101,1113410870804197376,2019-04-03 12:00:12,March Madness 2019: Buying or Selling Final Four Stars‚Äô NBA¬†Futures https://t.co/RHYahR1agO
Donut King,1113407678318088192,2019-04-03 11:47:31,So far the Old Fashioned donut is winning our Final Four Donut Madness @DonutKingKC ! Follow this link to our websi‚Ä¶ https://t.co/JnyL24FGri
Restaurant News,1113405416539553797,2019-04-03 11:38:32,Pizza Hut Offers America A Chance To Win A FREE P'ZONE During The Men's NCAA March Madness Final Four And Champions‚Ä¶ https://t.co/87SxCLOrGc
SportNewsBuzz,1113401016836190209,2019-04-03 11:21:03,March Madness 2019: Buying or Selling Final Four Stars' NBA Futures https://t.co/ADUUP5jOOj
PhillyGodfatherWins,1113399451295547393,2019-04-03 11:14:49,Another solid 2-0 night in CBB as we cash TEXAS and the Under 137.5. I hope everyone has enjoyed the GREAT PROMOTIO‚Ä¶ https://t.co/EK0atfTqFO
Cyndi,1113399379921076225,2019-04-03 11:14:32,Breaking News: March Madness: How to watch Auburn-Virginia in Final Four: https://t.co/qjrGqkEJzO
Liberty HS Library,1113398413108891649,2019-04-03 11:10:42,Remember March Madness Library Style is in the Final Four! Vote for your favorite book. Click this link https://t.co/5CZ2n4VbFw
doug kramer,1113396987095920645,2019-04-03 11:05:02,Everyone Gets Free Pizza Hut P‚ÄôZones if There‚Äôs a Major Comeback in the Final Four https://t.co/lL1wmfAUti
The Surgeon,1113395783372615680,2019-04-03 11:00:15,"DISCOUNT

Remaining March Madness now $99

Let's slice up the Final Four

Join here: https://t.co/BxTgl3VWnc"
92.1 CITI,1113392204079259648,2019-04-03 10:46:01,"#MarchUnnecessaryMADness Final Four is here, vote for the thing that makes you surly: 

https://t.co/qjac9tByiP 

#RenaTJandTurnbull"
FakePigskin.com,1113380696003891200,2019-04-03 10:00:18,March Madness: Final Four¬†Picks https://t.co/w42oJgidQd https://t.co/MhrTAcjZNh
WKSU,1113374812385239041,2019-04-03 09:36:55,"All eyes are on the March Madness Final Four this weekend,but behind the scenes, a new website is changing how many‚Ä¶ https://t.co/IFOImsIaGQ"
ANDY SINJI,1113354812790153216,2019-04-03 08:17:27,"Virginia earns first Final Four spot since 1984, winning classic overtime thriller with Purdue https://t.co/jvzkE4LTnG"
Newsnet,1113337605263900672,2019-04-03 07:09:04,"Pizza Hut offering fans a chance to win free P'Zones during final March Madness games

If a team overcomes a 17-poi‚Ä¶ https://t.co/k1dNWOQBt0"
Blogger Book Reviews,1113336047147134977,2019-04-03 07:02:53,"Five bold projections for the 2019 Final Four

The calendar has turned to April but that doesn't mean March Madness‚Ä¶ https://t.co/HGIpurogWu"
Blogger Book Reviews,1113336032664203264,2019-04-03 07:02:49,"Final Four fans will find a transformed Minneapolis downtown from when Duke won in 2001

The Minneapolis that hoste‚Ä¶ https://t.co/f8aqMmDWfD"
coco,1113320142283214848,2019-04-03 05:59:41,"Virginia earns first Final Four spot since 1984, winning classic overtime thriller with Purdue https://t.co/H9TyLbTGBg"
Ashok Meyyappan,1113315454511190016,2019-04-03 05:41:03,ESPN legit talking more abt How Zion will fare in the NBA rather than the Final Four of March Madness
SI College Hoops,1113310168509554688,2019-04-03 05:20:03,"Upsets, overtimes, unforgettable performances ... this tournament has had it all‚Äîwe just had to wait a week https://t.co/EkxZAbmZed"
MacKnowledge,1113299198148005889,2019-04-03 04:36:27,The Final Four of March Madness brought in $1.4 million in bonuses for the 4 coaches still competing https://t.co/uRL2lxckxG
QusQuin,1113292656514293761,2019-04-03 04:10:27,"WATCH: March Madness: Zion and Duke escape (again) , one win away from Final Four https://t.co/gwDLSo8Cq3 https://t.co/9l5va6HybU"
Mike Lewis,1113287344390537216,2019-04-03 03:49:21,March Madness: Pete Gillen says Michigan State will beat Virginia in title game.  https://t.co/3wSaDBrqgF
SI College Hoops,1113286261387800578,2019-04-03 03:45:03,"Auburn went through the three winningest teams in college hoops history to reach its first Final Four, and the Tige‚Ä¶ https://t.co/Ro12bjK8TC"
NCAA Tournament Final Four 2019 Live Stream,1113277180274978816,2019-04-03 03:08:58,"NCAA Tournament Final Four Live
Virginia vs Auburn Live Stream
Michigan State vs Texas Tech Live Stream
MI State vs‚Ä¶ https://t.co/ZtIf6vp13O"
Manila Bulletin Sports,1113268753314275334,2019-04-03 02:35:28,"Duke toppled as Final Four set in ‚ÄòMarch Madness‚Äô  https://t.co/PVNMwD7NJm
#MBSportsOnline"
Ruji Baliza,1113267607593902080,2019-04-03 02:30:55,March Madness Final Four! #Spartans
SI College Hoops,1113263617770651649,2019-04-03 02:15:04,"'Nobody thought we'd do anything.' Texas Tech is in the Final Four for the first time thanks to a hometown kid, a w‚Ä¶ https://t.co/nZFxWBm369"
THE District PourHouse,1113262222237622272,2019-04-03 02:09:31,The Final Four has been decided!! March Madness is dwindling down to the best of the best so come on down to‚Ä¶ https://t.co/ITM7Bdq4Ak
Michele Giannattasio,1113261059173908482,2019-04-03 02:04:54,"We have our final four books for each class! It‚Äôs funny how 3/4 of the choices are the same, too. Ss (&amp; teachers!)‚Ä¶ https://t.co/1xi7lGRgYd"
College News Updates,1113260238491123712,2019-04-03 02:01:38,The Final Four is full of veterans succeeding on March Madness's biggest stage https://t.co/CJXKPvWlJX
Ed Smith,1113259300242186242,2019-04-03 01:57:55,"@MauiGuy7 It‚Äôs March Madness. Coach may have crossed the line in his discipline, but certain His Love for his playe‚Ä¶ https://t.co/QrBh6FvvNX"
john young,1113258390006915072,2019-04-03 01:54:18,"Virginia earns first Final Four spot since 1984, winning classic overtime thriller with Purdue https://t.co/DrT5g2FLZl"
Adrian Paul aka Ace üá¨üáæ,1113253243188969472,2019-04-03 01:33:51,MARCH MADNESS CHAMPIONSHIPüèÄüèÜ CONTEST!üéâ Who do you think will win the Final Four Championship? Comment below on WHO‚Ä¶ https://t.co/GQvFP6nyYZ
CHS Library,1113252185632960513,2019-04-03 01:29:38,The Final Four titles have been announced in our March Madness #booktournament did your favorite make it? Don‚Äôt for‚Ä¶ https://t.co/ErVr7iPkbC
‚ìÇ‚ìî‚ìñ‚ìê‚ìù ‚ìÅ‚ìî‚ì¶‚ìò‚ì¢,1113250451577810945,2019-04-03 01:22:45,"Saw a girl at Walmart with March madness teeth, she was down to the final four"
Sports Insights,1113243215656882176,2019-04-03 00:54:00,"üí∞ Win $500 in Cash üí∞

Enter the @ActionNetworkHQ #FinalFour Props Contest 

https://t.co/7PslnidV9j"
Slate Asterisk,1113240125499219968,2019-04-03 00:41:43,Apoplectic Ham Hocks https://t.co/ixul8k35kl
Respect My Blog,1113239015237586944,2019-04-03 00:37:18,"2019 Women's Final Four Live Stream: How to Watch Online, TV, Time https://t.co/sx3jmOgOdY via @SInow #CBB https://t.co/NtMxO5hRzp"
The Brewster Bear Óê´,1113238973718114304,2019-04-03 00:37:08,VOTE FOR THE BREWSTER BEAR!! https://t.co/sFdDreO1Jy @KICKS1055.
SI Gambling,1113235162333044736,2019-04-03 00:22:00,"In this edition of March Madness Bad Beats, The Line looks back at 2018's matchup between Kentucky and Davidson

Wa‚Ä¶ https://t.co/zIC7TWq8mj"
Brewster IS/MS PTA,1113234471355068418,2019-04-03 00:19:15,March Mascot MadnessThe Final 4 https://t.co/OFIZSdtZGU
Malay Mail,1113233423940747264,2019-04-03 00:15:05,Duke toppled as Final Four set in US college basketball‚Äôs ‚ÄòMarch Madness‚Äô https://t.co/Jx9ew2RoMa
üé≤ GamingCopy,1113231023880454144,2019-04-03 00:05:33,Virginia 2019 March Madness Final Four Betting¬†Analysis https://t.co/6mplAtsweD https://t.co/xg0NgWZ1wS
Exchange Place SID,1113229730122149890,2019-04-03 00:00:25,GIVEAWAY!!! Tag someone in the comments below who you'd bring with you to the March Madness Foodie Fest this weeken‚Ä¶ https://t.co/Od0SzTTd7w
GreenandWhite.com,1113229653957910528,2019-04-03 00:00:06,"New podcast! @Graham_Couch and @chrissolari on MSU's win over Duke, Kenny Goins, Texas Tech and Final Four predicti‚Ä¶ https://t.co/Roq1KcU51K"
GGWren üíõ #AutismAcceptance,1113229080638291968,2019-04-02 23:57:50,"March Madness ""Gamer Edition"" rolls into April with another Round 2 match. Super Mario (73%) beat Bioshock (27%) to‚Ä¶ https://t.co/JunxMM0Ehv"
Zonia Lopez,1113228213608751104,2019-04-02 23:54:23,AR March Madness continues @CCISDHoustonES congratulations to the Final Four classes! Meet the Athletes of this Wee‚Ä¶ https://t.co/2LSCL2WpOW
John Besancon,1113225975851102208,2019-04-02 23:45:30,"Had some fun with March Madness and my classes. With the current final four, only a few people have points availabl‚Ä¶ https://t.co/dpfSRPPdm6"
üò§Bo Dieselüí™üèæ,1113223581163507714,2019-04-02 23:35:59,Mike Krzyzewski criticized for failing to reach Final Four https://t.co/0fQ5UNdNYf
SI College Hoops,1113222850670944256,2019-04-02 23:33:04,Who will play for a national championship next week? Watch for these factors to swing the Final Four https://t.co/fnRKK2SH6P
Sports Illustrated,1113222104315498496,2019-04-02 23:30:06,"Teams blew past 2018‚Äôs record number of threes in an NCAA tournament this year. 

Expect more to come in the Final‚Ä¶ https://t.co/oiNy0NqWol"
Lynn,1113220071390892032,2019-04-02 23:22:02,Final Four Foodie Fest: March Madness at Harborside JC April 6th! Read all about it. Use Code CHICPEAJC to get %40‚Ä¶ https://t.co/C52l5QByrH
OpenSecrets.org,1113218303600713729,2019-04-02 23:15:00,"Our #MarchMadness bracket, filled out based on lobbying spending predicted 0/0 members of the Final Four https://t.co/uKUHkUFjEc"
RetroMikey78,1113217915652923397,2019-04-02 23:13:28,Alright we now know who in the Final Four of the March Video Game Madness! Check out who made it  and what happens‚Ä¶ https://t.co/8ecgm7T85y
AVN News Feed,1113217385195024384,2019-04-02 23:11:21,Final Four preview: what to watch for in the last leg of March¬†Madness https://t.co/iT0ANzLflB https://t.co/XR1hw6FKFt
Melanie Burford,1113217148145557504,2019-04-02 23:10:25,"Our March Book Madness Final Four is announced @McKinneyNorthHS! Such a close race, especially between One of Us is‚Ä¶ https://t.co/4Ovzs4Etn8"
Streaking the FINAL FOUR!!,1113216260018405376,2019-04-02 23:06:53,"LOOK HOW BEAUTIFUL IT IS!!! Get your order in now!

https://t.co/emPHQaW44A https://t.co/AxxcNn2IEk"
LSJ Sports,1113216048348770305,2019-04-02 23:06:03,"Graham and Chris have plenty to say on Michigan State upsetting Duke to reach the Final Four, and the challenge Tex‚Ä¶ https://t.co/gHtTjmZwdO"
Marbella M2 Apts,1113215989322272774,2019-04-02 23:05:49,Celebrate March Madness in style. Harborside is hosting a huge Final Four Foodie Fest and Mach Madness viewing part‚Ä¶ https://t.co/QAVokXP0sR
MyPhillyAlive,1113215785009385472,2019-04-02 23:05:00,"Where are you watching the Final Four games this weekend? Check out our guide of sports bars in #Philadelphia!!

Do‚Ä¶ https://t.co/e8ZVqtgWKX"
The Habs Forum,1113215730978308096,2019-04-02 23:04:47,#CH #Habs #GoHabsGo Habs Prospect March Madness bracket CHL section final for a spot in the Final Four pits Nick Su‚Ä¶ https://t.co/J368coUzJx
SI College Hoops,1113215037739610117,2019-04-02 23:02:02,"'They said we couldn‚Äôt win in March, and we‚Äôre doing it.' One year after UMBC, Virginia has marched all the way to‚Ä¶ https://t.co/jurCCtFEMU"
Detroit Free Press,1113214793157152769,2019-04-02 23:01:03,"Spartan Speak: Michigan State conquers Duke, prepares for Texas Tech in the Final Four https://t.co/wGxEIGpv07"
minneapolishub,1113214628140548103,2019-04-02 23:00:24,Final Four fans will find a transformed Minneapolis downtown from when Duke won in 2001   https://t.co/BEhTccwB4f
üé≤ GamingCopy,1113213282947563520,2019-04-02 22:55:03,Auburn 2019 March Madness Final Four Betting¬†Preview https://t.co/GSyGkjrXpL https://t.co/5UAcF2Y9xe
Jim Harter,1113212653063815169,2019-04-02 22:52:33,"What exciting games in the Elite Eight of March Madness! Check it out on https://t.co/AA1jc9IuIH, which also includ‚Ä¶ https://t.co/DRADUfNVRL"
The Ringer,1113211782187966464,2019-04-02 22:49:06,"The #FinalFour is set, and @shakersamman is here to break down each team heading into their weekend matchups:

https://t.co/iNb1APcxnR"
Sparty Fans,1113211018337849344,2019-04-02 22:46:03,"Spartan Speak: Michigan State conquers Duke, prepares for Texas Tech in the Final Four https://t.co/yabz1GtIAb https://t.co/ZAruL55TqJ"
Well Go USA,1113206406952423429,2019-04-02 22:27:44,"It's the FINAL FOUR! Who will move on to the finals? Only you can decide! 

The Orange Belt Final Four round of Mar‚Ä¶ https://t.co/3lmNjbcb5t"
üé≤ GamingCopy,1113203916785836037,2019-04-02 22:17:50,Texas Tech 2019 March Madness Final Four Betting¬†Analysis https://t.co/BMBuRUJyhD https://t.co/LeDsN8v0Eu
Andrew Mason,1113202052572831746,2019-04-02 22:10:26,@andrewperloff @TheAAF The other thing I hope can be worked out for a future developmental circuit is scheduling. I‚Ä¶ https://t.co/VjUtfZVHPf
College News Updates,1113202040388198400,2019-04-02 22:10:23,March Madness gear: The 9 best official 2019 Final Four items you can buy right now https://t.co/lBQL2rWKNo
Pam Mouser,1113200516799127553,2019-04-02 22:04:20,More March Madness and Final Four fun while working on our math skills..... number bonds (I shot 6.....I made _____‚Ä¶ https://t.co/m26iaxdlIv
MSN Sports,1113200073104482304,2019-04-02 22:02:34,Top 10 players who never reached Final Four https://t.co/kQbkHF1623
MSN,1113200064892035073,2019-04-02 22:02:32,Top 10 players who never reached Final Four https://t.co/X7TYIEs0MI
Pam Mouser,1113199525156589571,2019-04-02 22:00:23,A little March Madness and Final Four action in room 402!  Sight word basketball......choose a ball....read the sig‚Ä¶ https://t.co/wFH6Y5FKEr
Sports Illustrated,1113199462648881152,2019-04-02 22:00:08,Was Duke‚Äôs season a failure since it fell short of the Final Four? https://t.co/lzUH23RTY3
Fighting Irish #1!,1113197323339882499,2019-04-02 21:51:38,"#FightingIrish #NotreDame https://t.co/zMhpwylhHd 2019 Women's Final Four Live Stream: How to Watch Online, TV, Time"
Mazen Zbib,1113197290544611328,2019-04-02 21:51:30,March Madness 2019: How to watch the Final Four¬†live https://t.co/g4Hnlld4Ux https://t.co/KsEcDaINPM
üé≤ GamingCopy,1113195786928574467,2019-04-02 21:45:32,7 Things to Know Before Betting on the 2019 March Madness Final¬†Four https://t.co/p6GpTzONXK https://t.co/cMzjYyuXwT
Krystyn Ramdial,1113195699246718976,2019-04-02 21:45:11,First things first - I created a meetup (March Madness Final Four Games üèÄüèÄ) in the Whova app for #SIOP19. Who‚Äôs joi‚Ä¶ https://t.co/q0E0QuOLJG
Virtual Surveillance,1113194430054510594,2019-04-02 21:40:08,March Madness is here. Thousands upon thousands of people have descended upon Minneapolis to watch the  Final Four‚Ä¶ https://t.co/gvFjoGio0i
Respect My Blog,1113193734030659588,2019-04-02 21:37:22,"2019 Final Four Schedule: Watch March Madness Online, TV Schedule, Times, Dates https://t.co/tATgnt7svX via @SInow‚Ä¶ https://t.co/d1PbV9XAJZ"
SI College Hoops,1113192645361373189,2019-04-02 21:33:03,"'A lot of us came here to be able to make this history that we‚Äôre making right now.' 

Auburn players believed in B‚Ä¶ https://t.co/0oWS7RXorD"
Michael Trotta,1113191134338191361,2019-04-02 21:27:03,"With the 2019 #NCAA tournament‚Äôs Final Four around the corner, researchers¬†are urging viewers to be wary of a slew‚Ä¶ https://t.co/WiovRdhFf5"
Villa Maria Academy,1113189635520389121,2019-04-02 21:21:05,"The Final Four are fighting it out! Fine Arts has reclaimed the lead over Winter Sports, and Fall Sports are surgin‚Ä¶ https://t.co/l3n7yggwEQ"
St. Cloud Times,1113187876316090368,2019-04-02 21:14:06,"Better transportation, a new nightlife scene and, oh yeah, a new $1.1 billion stadium will greet visitors to the Fi‚Ä¶ https://t.co/8NNSYl92Tz"
SI College Hoops,1113186399849775104,2019-04-02 21:08:14,"Our March Madness roundtable reflects on the Season of Zion, the teams we miss the most and the best potential nati‚Ä¶ https://t.co/zpmTm3TJLB"
City & State NY,1113184495547682816,2019-04-02 21:00:40,Which of the Final Four will make it to the next round? Vote now! https://t.co/rkEiV8H9gg
The GL Corps,1113184328933007360,2019-04-02 21:00:00,#GreenLantern March Madness ‚Äô19 Final Four: Hal Jordan vs Guy Gardner | The Green Lantern Corps https://t.co/4JdXLz8k0X
Robert Weintraub,1113184134363582467,2019-04-02 20:59:14,"What they want is March Madness, only with Duke and Kentucky in the Final Four every single year--
https://t.co/baO1RGgCCi"
PlacesForBikes,1113182317000896512,2019-04-02 20:52:00,Down to the NCAA Basketball Final Four for women: check out our predictions. And stay tuned after the games are com‚Ä¶ https://t.co/BapgA0KZDh
Charles Harris,1113180588914163712,2019-04-02 20:45:08,"Final Four Package including Rest of NIT Picks -&gt; https://t.co/6jGFyKZGzB
3 NCAAB Picks Tonight including BIG 20 &amp; 15 Unit Picks!"
CrossroadsChiropracticNY,1113179624559788033,2019-04-02 20:41:19,"Congratulations to our ""Final Four"" winners from our March Madness Raffle who each received a $25 Visa Gift Card!! https://t.co/GTQQnhDBTn"
Is Update,1113178193316515840,2019-04-02 20:35:37,March Madness 2019: How to watch the Final Four live ‚Äì¬†CNET https://t.co/cKBet6kZ0Y https://t.co/nmpvfaIoZN
Coach Payne,1113176483734990848,2019-04-02 20:28:50,#FastModelMadness Excited to #ShareTheGame  March Madness gear: The 9 best official 2019 Final Four items you can b‚Ä¶ https://t.co/bfrtA84GmB
MarkEmmert,1113175129507422208,2019-04-02 20:23:27,Thrilled to be helping out the talented folks at @usatodaysports when the Final Four hits my hometown this week. My‚Ä¶ https://t.co/rTh99KAAZB
Dr. sonam sharma,1113172475104309248,2019-04-02 20:12:54,March Madness 2019: How to watch the Final Four live ‚Äì¬†CNET https://t.co/7CHUI9qgDE
MustSeeDeals,1113172043502096384,2019-04-02 20:11:11,March Madness live stream: how to watch the 2019 Final Four games online from anywhere https://t.co/3XxrblaQUd
Oscar Khuman,1113171831081570305,2019-04-02 20:10:20,March Madness 2019: How to watch the Final Four live     - CNET https://t.co/F9EGcfSGeA
Roselius Insurance,1113171727297769472,2019-04-02 20:09:56,Here are the standings for our 2019 March Madness Contest heading into the Final Four.  Thanks again for everyone w‚Ä¶ https://t.co/lqyGmMpkOg
Sens House,1113169105845141505,2019-04-02 19:59:31,"FINAL FOUR! Watch every game right here this SATURDAY, your March Madness Headquarters. Cheer your bracket teams on‚Ä¶ https://t.co/JFdZWCq5Pr"
The Big Guy,1113167730058854400,2019-04-02 19:54:03,"Here are the March Madness standings heading into the Final Four! If I'm not mistaken, I think 1st place is too far‚Ä¶ https://t.co/xa2gDIknQf"
AG of Franklin,1113165670546583555,2019-04-02 19:45:52,"March Madness with its Sweet 16 and Elite Eight upsets, gives us a Final Four of No. 5 Auburn, No. 3 Texas Tech, No‚Ä¶ https://t.co/KwKerUemN0"
Rick Suba,1113164577175470081,2019-04-02 19:41:31,The ‚ÄúFinal Fantastic Four‚Äù of the March Madness Checkers Tournament!#kenstoninspired https://t.co/JHiXY5T3VN
Tara Villalobos - Holy Hill Area School District,1113162203669168128,2019-04-02 19:32:05,"Before break, students in Ms. Dummer's fourth grade class held a March Madness Book Tournament!  Students voted on‚Ä¶ https://t.co/TPg4qbnDr8"
Pat Swanson,1113162056558051328,2019-04-02 19:31:30,I grew up with a 2001 Final Four pennant hanging in my room. Excited to head up to Minneapolis tomorrow. https://t.co/TN4koJK4Qf
SI College Hoops,1113161189155049472,2019-04-02 19:28:03,Teams blew past 2018‚Äôs record number of threes in an NCAA tournament this year‚Äîexpect more to come in the Final Four https://t.co/QEsJRoge8w
The Surgeon,1113158914604961792,2019-04-02 19:19:01,"~DISCOUNT~
Remaining March Madness now $99

Let's slice up the Final Four!

Join here: https://t.co/BxTgl3VWnc"
Stockton-Hill Ins.,1113158761743392768,2019-04-02 19:18:24,"MARCH MADNESS UPDATE üèÄ

As we head into the FINAL FOUR, we would like to give a quick update on our Stockton-Hill I‚Ä¶ https://t.co/Oauo9HnWni"
MLive Sports,1113156235677888512,2019-04-02 19:08:22,"March Madness: How to buy Final Four tickets | Michigan State vs. Texas Tech, Virginia vs. Auburn | NCAA Tournament https://t.co/1K9TL9dzNu"
NCAA Tournament Final Four 2019 Live Stream,1113154740853059586,2019-04-02 19:02:26,"NCAA Tournament Final Four
Virginia vs Auburn Live Stream
Michigan State vs Texas Tech Live Stream
MI State vs Texa‚Ä¶ https://t.co/QIxNGY5AfD"
