h,t,t,p,s,:,/,/,w,w,w,.,e,s,p,n,.,c,o,m,/,a,b,c,s,p,o,r,t,s,/,s,/,n,b,a,/,2,0,0,2,-,0,3,s,c,h,e,d,u,l,e,.,h,t,m,l
h,t,t,p,s,:,/,/,w,w,w,.,e,s,p,n,.,c,o,m,/,b,l,o,g,/,b,o,s,t,o,n,/,c,e,l,t,i,c,s,/,p,o,s,t,/,_,/,i,d,/,4,6,8,9,4,5,4,/,s,i,m,m,o,n,s,-,a,n,d,-,b,i,r,d,-,t,a,l,k,-,n,b,a
h,t,t,p,s,:,/,/,w,w,w,.,e,s,p,n,.,c,o,m,/,b,l,o,g,/,c,h,i,c,a,g,o,/,b,e,a,r,s,/,p,o,s,t,/,_,/,i,d,/,4,6,7,1,4,7,5,/,s,a,n,z,e,n,b,a,c,h,e,r,-,h,a,s,-,i,m,p,o,r,t,a,n,t,-,s,u,p,p,o,r,t,e,r
h,t,t,p,s,:,/,/,w,w,w,.,e,s,p,n,.,c,o,m,/,b,l,o,g,/,d,a,l,l,a,s,-,c,o,w,b,o,y,s,/,p,o,s,t,/,_,/,i,d,/,4,6,9,6,7,2,1,/,l,a,n,c,e,-,d,u,n,b,a,r,-,c,l,e,a,r,s,-,w,a,i,v,e,r,s,-,r,e,t,u,r,n,s,-,t,o,-,c,o,w,b,o,y,s
h,t,t,p,s,:,/,/,w,w,w,.,e,s,p,n,.,c,o,m,/,b,l,o,g,/,d,a,l,l,a,s,-,c,o,w,b,o,y,s,/,p,o,s,t,/,_,/,i,d,/,4,7,5,3,5,7,8,/,l,a,n,c,e,-,d,u,n,b,a,r,-,w,o,u,l,d,n,t,-,m,i,n,d,-,p,l,a,y,i,n,g,-,t,o,n,i,g,h,t,-,b,u,t,-,m,e,t,-,h,i,s,-,g,o,a,l
h,t,t,p,s,:,/,/,w,w,w,.,e,s,p,n,.,c,o,m,/,b,l,o,g,/,g,o,l,d,e,n,-,s,t,a,t,e,-,w,a,r,r,i,o,r,s,/,p,o,s,t,/,_,/,i,d,/,4,6,3,6,/,w,a,r,r,i,o,r,s,-,s,w,e,e,p,-,s,p,u,r,s,-,e,n,t,e,r,-,n,b,a,-,f,i,n,a,l,s,-,a,t,-,1,2,-,0
h,t,t,p,s,:,/,/,w,w,w,.,e,s,p,n,.,c,o,m,/,b,l,o,g,/,g,r,e,e,n,-,b,a,y,-,p,a,c,k,e,r,s,/,p,o,s,t,/,_,/,i,d,/,2,4,5,7,0,/,n,b,a,-,c,o,u,l,d,v,e,-,b,e,e,n,-,a,-,r,e,a,l,i,t,y,-,f,o,r,-,p,a,c,k,e,r,s,-,l,i,n,e,b,a,c,k,e,r,-,j,u,l,i,u,s,-,p,e,p,p,e,r,s
h,t,t,p,s,:,/,/,w,w,w,.,e,s,p,n,.,c,o,m,/,b,l,o,g,/,h,o,u,s,t,o,n,-,r,o,c,k,e,t,s,/,p,o,s,t,/,_,/,i,d,/,2,7,1,8,/,w,i,t,h,-,j,a,m,e,s,-,h,a,r,d,e,n,s,-,e,x,t,e,n,s,i,o,n,-,h,o,u,s,t,o,n,-,h,a,s,-,h,o,p,e,-,o,f,-,b,e,i,n,g,-,a,n,-,n,b,a,-,h,o,t,b,e,d
h,t,t,p,s,:,/,/,w,w,w,.,e,s,p,n,.,c,o,m,/,b,l,o,g,/,l,o,s,-,a,n,g,e,l,e,s,-,r,a,m,s,/,p,o,s,t,/,_,/,i,d,/,3,3,3,7,0,/,r,a,m,s,-,s,e,e,-,a,-,r,o,l,e,-,f,o,r,-,p,r,e,v,i,o,u,s,l,y,-,u,n,d,e,r,u,s,e,d,-,r,b,-,l,a,n,c,e,-,d,u,n,b,a,r
h,t,t,p,s,:,/,/,w,w,w,.,e,s,p,n,.,c,o,m,/,b,l,o,g,/,l,o,s,-,a,n,g,e,l,e,s,/,l,a,k,e,r,s,/,p,o,s,t,/,_,/,i,d,/,9,2,7,8,/,f,o,r,-,i,b,r,a,h,i,m,-,j,a,a,b,e,r,-,t,h,e,-,n,b,a,-,i,s,n,t,-,n,e,c,e,s,s,a,r,i,l,y,-,t,h,e,-,b,e,s,t,-,o,p,t,i,o,n
h,t,t,p,s,:,/,/,w,w,w,.,e,s,p,n,.,c,o,m,/,b,l,o,g,/,m,a,r,c,-,s,t,e,i,n,/,p,o,s,t,/,_,/,i,d,/,2,9,6,4,/,a,u,s,t,r,a,l,i,a,s,-,j,o,e,-,i,n,g,l,e,s,-,p,l,a,y,i,n,g,-,h,i,s,-,w,a,y,-,t,o,-,n,b,a
h,t,t,p,s,:,/,/,w,w,w,.,e,s,p,n,.,c,o,m,/,b,l,o,g,/,m,u,s,i,c,/,p,o,s,t,/,_,/,i,d,/,8,4,4,6,/,m,i,c,k,-,r,e,t,u,r,n,s,-,a,s,-,m,u,s,i,c,-,c,u,r,a,t,o,r,-,f,o,r,-,e,a,-,s,p,o,r,t,s,-,n,b,a,-,l,i,v,e,-,1,6,-,s,o,u,n,d,t,r,a,c,k
h,t,t,p,s,:,/,/,w,w,w,.,e,s,p,n,.,c,o,m,/,b,l,o,g,/,m,u,s,i,c,/,p,o,s,t,/,_,/,i,d,/,8,4,4,6,/,m,i,c,k,-,r,e,t,u,r,n,s,-,a,s,-,m,u,s,i,c,-,c,u,r,a,t,o,r,-,f,o,r,-,e,a,-,s,p,o,r,t,s,-,n,b,a,-,l,i,v,e,-,1,6,-,s,o,u,n,d,t,r,a,c,k
h,t,t,p,s,:,/,/,w,w,w,.,e,s,p,n,.,c,o,m,/,b,l,o,g,/,m,u,s,i,c,/,p,o,s,t,?,_,s,l,u,g,_,=,m,i,c,k,-,r,e,t,u,r,n,s,-,a,s,-,m,u,s,i,c,-,c,u,r,a,t,o,r,-,f,o,r,-,e,a,-,s,p,o,r,t,s,-,n,b,a,-,l,i,v,e,-,1,6,-,s,o,u,n,d,t,r,a,c,k,&,i,d,=,8,4,4,6,&,r,e,d,i,r,e,c,t,e,d,=,t,r,u,e
h,t,t,p,s,:,/,/,w,w,w,.,e,s,p,n,.,c,o,m,/,b,l,o,g,/,n,b,a,/,i,n,s,i,d,e,r,/,p,o,s,t,/,_,/,i,d,/,3,2,6,0,5
h,t,t,p,s,:,/,/,w,w,w,.,e,s,p,n,.,c,o,m,/,b,l,o,g,/,n,b,a,/,i,n,s,i,d,e,r,/,p,o,s,t,/,_,/,i,d,/,3,2,6,1,2
h,t,t,p,s,:,/,/,w,w,w,.,e,s,p,n,.,c,o,m,/,b,l,o,g,/,n,b,a,/,i,n,s,i,d,e,r,/,p,o,s,t,?,i,d,=,3,2,6,0,5
h,t,t,p,s,:,/,/,w,w,w,.,e,s,p,n,.,c,o,m,/,b,l,o,g,/,n,b,a,/,i,n,s,i,d,e,r,/,p,o,s,t,?,i,d,=,3,2,6,1,2
h,t,t,p,s,:,/,/,w,w,w,.,e,s,p,n,.,c,o,m,/,b,l,o,g,/,n,b,a,/,p,o,s,t,/,_,/,i,d,/,1,8,4,2,9,/,h,a,c,k,-,a,-,s,h,a,q,-,t,a,c,t,i,c,-,h,e,l,p,s,-,s,e,n,d,-,a,n,d,r,e,-,d,r,u,m,m,o,n,d,-,p,i,s,t,o,n,s,-,i,n,t,o,-,3,-,0,-,h,o,l,e
h,t,t,p,s,:,/,/,w,w,w,.,e,s,p,n,.,c,o,m,/,b,l,o,g,/,n,b,a,/,p,o,s,t,/,_,/,i,d,/,1,8,4,3,4,/,c,e,l,t,i,c,s,-,d,e,l,i,v,e,r,-,b,e,s,t,-,s,h,o,t,-,a,n,d,-,w,i,n,-,b,u,t,-,h,a,w,k,s,-,s,h,o,u,l,d,-,f,e,e,l,-,c,o,n,f,i,d,e,n,t
h,t,t,p,s,:,/,/,w,w,w,.,e,s,p,n,.,c,o,m,/,b,l,o,g,/,n,b,a,/,p,o,s,t,/,_,/,i,d,/,1,8,4,6,1,/,s,t,a,n,-,v,a,n,-,g,u,n,d,y,-,a,n,d,r,e,-,d,r,u,m,m,o,n,d,s,-,f,r,e,e,-,t,h,r,o,w,-,w,o,e,s,-,a,-,p,r,o,b,l,e,m
h,t,t,p,s,:,/,/,w,w,w,.,e,s,p,n,.,c,o,m,/,b,l,o,g,/,n,b,a,/,p,o,s,t,/,_,/,i,d,/,1,8,4,6,5,/,h,a,w,k,s,-,d,e,n,n,i,s,-,s,c,h,r,o,d,e,r,-,s,t,i,l,l,-,f,e,e,l,s,-,d,i,s,r,e,s,p,e,c,t,e,d,-,b,u,t,-,v,o,w,s,-,n,o,-,c,a,r,r,y,o,v,e,r
h,t,t,p,s,:,/,/,w,w,w,.,e,s,p,n,.,c,o,m,/,b,l,o,g,/,n,b,a,/,p,o,s,t,/,_,/,i,d,/,1,8,4,8,2,/,w,i,t,h,-,c,h,a,n,c,e,-,t,o,-,t,a,k,e,-,3,-,1,-,s,e,r,i,e,s,-,l,e,a,d,-,r,a,p,t,o,r,s,-,f,a,i,l,-,t,o,-,m,a,t,c,h,-,p,a,c,e,r,s,-,i,n,t,e,n,s,i,t,y,-,i,n,-,g,a,m,e,-,4
h,t,t,p,s,:,/,/,w,w,w,.,e,s,p,n,.,c,o,m,/,b,l,o,g,/,n,b,a,/,p,o,s,t,/,_,/,i,d,/,1,9,0,4,1,/,p,o,r,t,l,a,n,d,s,-,m,o,v,e,-,t,o,-,a,-,b,i,g,g,e,r,-,s,t,a,g,e,-,w,h,e,r,e,-,e,v,e,n,-,t,h,e,-,o,p,p,o,n,e,n,t,s,-,a,r,e,-,b,i,g,g,e,r
h,t,t,p,s,:,/,/,w,w,w,.,e,s,p,n,.,c,o,m,/,b,l,o,g,/,n,b,a,/,p,o,s,t,/,_,/,i,d,/,1,9,0,7,3,/,r,a,p,t,o,r,s,-,f,i,n,a,l,l,y,-,g,e,t,-,t,h,e,-,m,o,n,k,e,y,-,o,f,f,-,t,h,e,i,r,-,b,a,c,k,-,a,d,v,a,n,c,e,-,t,o,-,r,o,u,n,d,-,2,-,f,o,r,-,t,h,e,-,f,i,r,s,t,-,t,i,m,e,-,i,n,-,1,5,-,y,e,a,r,s
h,t,t,p,s,:,/,/,w,w,w,.,e,s,p,n,.,c,o,m,/,b,l,o,g,/,n,b,a,/,p,o,s,t,/,_,/,i,d,/,1,9,0,8,0,/,d,e,s,p,i,t,e,-,l,o,s,s,-,g,e,o,r,g,e,s,-,b,r,i,l,l,i,a,n,c,e,-,s,e,r,v,e,s,-,a,s,-,r,e,m,i,n,d,e,r,-,h,e,s,-,b,a,c,k
h,t,t,p,s,:,/,/,w,w,w,.,e,s,p,n,.,c,o,m,/,b,l,o,g,/,n,b,a,/,p,o,s,t,/,_,/,i,d,/,3,0,7,1,6,/,g,r,i,z,z,l,i,e,s,-,u,r,g,e,-,p,a,t,i,e,n,c,e,-,a,s,-,c,h,a,n,d,l,e,r,-,p,a,r,s,o,n,s,-,s,c,u,f,f,l,e,-,t,h,r,o,u,g,h,-,c,o,m,e,b,a,c,k
h,t,t,p,s,:,/,/,w,w,w,.,e,s,p,n,.,c,o,m,/,b,l,o,g,/,n,b,a,/,p,o,s,t,/,_,/,i,d,/,3,2,1,9,0,/,r,i,s,i,n,g,-,b,u,c,k,s,-,l,e,a,v,e,-,r,a,p,t,o,r,s,-,w,i,t,h,-,a,-,b,r,o,k,e,n,-,f,e,e,l,i,n,g,-,i,n,-,g,a,m,e,-,3
h,t,t,p,s,:,/,/,w,w,w,.,e,s,p,n,.,c,o,m,/,b,l,o,g,/,n,b,a,/,p,o,s,t,/,_,/,i,d,/,3,2,2,4,9,/,2,0,1,7,-,n,b,a,-,a,w,a,r,d,s,-,f,i,n,a,l,i,s,t,s
h,t,t,p,s,:,/,/,w,w,w,.,e,s,p,n,.,c,o,m,/,b,l,o,g,/,n,b,a,/,p,o,s,t,/,_,/,i,d,/,3,2,5,7,1,/,g,i,a,n,n,i,s,-,a,n,t,e,t,o,k,o,u,n,m,p,o,-,g,e,t,s,-,h,a,r,d,-,l,e,s,s,o,n,s,-,f,r,o,m,-,k,e,v,i,n,-,d,u,r,a,n,t
h,t,t,p,s,:,/,/,w,w,w,.,e,s,p,n,.,c,o,m,/,b,l,o,g,/,n,b,a,/,p,o,s,t,/,_,/,i,d,/,3,2,5,7,1,/,g,i,a,n,n,i,s,-,a,n,t,e,t,o,k,o,u,n,m,p,o,-,g,e,t,s,-,h,a,r,d,-,l,e,s,s,o,n,s,-,f,r,o,m,-,k,e,v,i,n,-,d,u,r,a,n,t
h,t,t,p,s,:,/,/,w,w,w,.,e,s,p,n,.,c,o,m,/,b,l,o,g,/,n,b,a,/,p,o,s,t,/,_,/,i,d,/,3,2,5,7,1,/,g,i,a,n,n,i,s,-,a,n,t,e,t,o,k,o,u,n,m,p,o,-,g,e,t,s,-,h,a,r,d,-,l,e,s,s,o,n,s,-,f,r,o,m,-,k,e,v,i,n,-,d,u,r,a,n,t,?,d,e,v,i,c,e,=,f,e,a,t,u,r,e,p,h,o,n,e
h,t,t,p,s,:,/,/,w,w,w,.,e,s,p,n,.,c,o,m,/,b,l,o,g,/,n,b,a,/,p,o,s,t,/,_,/,i,d,/,3,2,5,7,1,/,g,i,a,n,n,i,s,-,a,n,t,e,t,o,k,o,u,n,m,p,o,-,g,e,t,s,-,h,a,r,d,-,l,e,s,s,o,n,s,-,f,r,o,m,-,k,e,v,i,n,-,d,u,r,a,n,t,?,s,r,c,=,r,s,s
h,t,t,p,s,:,/,/,w,w,w,.,e,s,p,n,.,c,o,m,/,b,l,o,g,/,n,b,a,/,p,o,s,t,/,_,/,i,d,/,3,2,6,3,0,/,l,i,t,h,u,a,n,i,a,n,-,f,o,r,w,a,r,d,-,m,a,t,a,s,-,j,o,g,e,l,a,-,e,n,t,e,r,i,n,g,-,n,b,a,-,d,r,a,f,t
h,t,t,p,s,:,/,/,w,w,w,.,e,s,p,n,.,c,o,m,/,b,l,o,g,/,n,b,a,/,p,o,s,t,/,_,/,i,d,/,3,2,6,5,2,/,i,c,e,l,a,n,d,i,c,-,c,e,n,t,e,r,-,t,r,y,g,g,v,i,-,h,l,i,n,a,s,o,n,-,d,e,c,l,a,r,i,n,g,-,f,o,r,-,t,h,e,-,n,b,a,-,d,r,a,f,t
h,t,t,p,s,:,/,/,w,w,w,.,e,s,p,n,.,c,o,m,/,b,l,o,g,/,n,b,a,/,p,o,s,t,/,_,/,i,d,/,3,2,6,6,0,/,g,e,r,m,a,n,-,w,i,n,g,-,k,a,r,i,m,-,j,a,l,l,o,w,-,e,n,t,e,r,i,n,g,-,n,b,a,-,d,r,a,f,t
h,t,t,p,s,:,/,/,w,w,w,.,e,s,p,n,.,c,o,m,/,b,l,o,g,/,n,b,a,/,p,o,s,t,/,_,/,i,d,/,3,2,6,6,8,/,f,r,e,n,c,h,-,f,o,r,w,a,r,d,-,a,m,i,n,e,-,n,o,u,a,-,d,e,c,l,a,r,i,n,g,-,f,o,r,-,n,b,a,-,d,r,a,f,t
h,t,t,p,s,:,/,/,w,w,w,.,e,s,p,n,.,c,o,m,/,b,l,o,g,/,n,b,a,/,p,o,s,t,/,_,/,i,d,/,3,2,6,7,6,/,t,u,r,k,i,s,h,-,w,i,n,g,-,m,u,h,a,y,m,i,n,-,m,u,s,t,a,f,a,-,e,n,t,e,r,i,n,g,-,n,b,a,-,d,r,a,f,t
h,t,t,p,s,:,/,/,w,w,w,.,e,s,p,n,.,c,o,m,/,b,l,o,g,/,n,b,a,/,p,o,s,t,/,_,/,i,d,/,5,1,0,6,/,n,o,-,2,-,p,i,c,k,-,l,a,k,e,r,s,-,s,e,l,e,c,t,-,d,a,n,g,e,l,o,-,r,u,s,s,e,l,l
h,t,t,p,s,:,/,/,w,w,w,.,e,s,p,n,.,c,o,m,/,b,l,o,g,/,n,b,a,/,p,o,s,t,/,_,/,i,d,/,5,1,6,0,/,w,i,z,a,r,d,s,-,t,r,a,d,e,-,f,o,r,-,k,e,l,l,y,-,o,u,b,r,e,-,j,r
h,t,t,p,s,:,/,/,w,w,w,.,e,s,p,n,.,c,o,m,/,b,l,o,g,/,n,b,a,/,p,o,s,t,/,_,/,i,d,/,5,5,3,5,/,i,g,o,r,-,k,o,k,o,s,k,o,v,-,j,o,i,n,s,-,u,t,a,h,-,j,a,z,z,-,c,o,a,c,h,i,n,g,-,s,t,a,f,f
h,t,t,p,s,:,/,/,w,w,w,.,e,s,p,n,.,c,o,m,/,b,l,o,g,/,n,b,a,/,r,u,m,o,r,s,/,i,n,s,i,d,e,r,/,p,o,s,t,/,_,/,i,d,/,9,4,9,2
h,t,t,p,s,:,/,/,w,w,w,.,e,s,p,n,.,c,o,m,/,b,l,o,g,/,n,b,a,/,r,u,m,o,r,s,/,p,o,s,t,/,_,/,i,d,/,3,9,5,3,2,/,n,b,a,-,r,u,m,o,r,-,c,e,n,t,r,a,l,-,f,r,e,d,-,v,a,n,v,l,e,e,t,-,f,a,v,o,r,i,t,e,-,t,o,-,l,a,n,d,-,r,a,p,t,o,r,s,-,1,5,t,h,-,r,o,s,t,e,r,-,s,p,o,t
h,t,t,p,s,:,/,/,w,w,w,.,e,s,p,n,.,c,o,m,/,b,l,o,g,/,n,b,a,/,r,u,m,o,r,s,/,p,o,s,t,/,_,/,i,d,/,4,1,4,6,8,/,n,b,a,-,r,u,m,o,r,-,c,e,n,t,r,a,l,-,m,i,c,h,a,e,l,-,b,e,a,s,l,e,y,-,n,e,e,d,s,-,m,o,r,e,-,t,i,m,e
h,t,t,p,s,:,/,/,w,w,w,.,e,s,p,n,.,c,o,m,/,b,l,o,g,/,n,b,a,/,r,u,m,o,r,s,/,p,o,s,t,/,_,/,i,d,/,4,1,5,2,4,/,n,b,a,-,r,u,m,o,r,-,c,e,n,t,r,a,l,-,d,o,e,s,-,e,m,m,a,n,u,e,l,-,m,u,d,i,a,y,-,h,a,v,e,-,a,-,f,u,t,u,r,e,-,w,i,t,h,-,n,u,g,g,e,t,s
h,t,t,p,s,:,/,/,w,w,w,.,e,s,p,n,.,c,o,m,/,b,l,o,g,/,n,e,w,-,e,n,g,l,a,n,d,-,p,a,t,r,i,o,t,s,/,p,o,s,t,/,_,/,i,d,/,4,8,1,3,5,3,7,/,p,a,t,r,i,o,t,s,-,p,l,a,y,e,r,s,-,h,a,p,p,y,-,t,o,-,s,u,p,p,o,r,t,-,c,e,l,t,i,c,s,-,i,n,-,n,b,a,-,p,l,a,y,o,f,f,s
h,t,t,p,s,:,/,/,w,w,w,.,e,s,p,n,.,c,o,m,/,b,l,o,g,/,n,e,w,-,y,o,r,k,-,j,e,t,s,/,p,o,s,t,/,_,/,i,d,/,7,5,8,0,3,/,l,i,f,e,-,a,f,t,e,r,-,j,o,e,-,n,a,m,a,t,h,-,4,0,-,y,e,a,r,s,-,o,f,-,b,a,d,-,l,u,c,k,-,a,n,d,-,p,e,r,p,e,t,u,a,l,-,p,i,n,b,a,l,l,-,f,o,r,-,j,e,t,s
h,t,t,p,s,:,/,/,w,w,w,.,e,s,p,n,.,c,o,m,/,b,l,o,g,/,n,e,w,-,y,o,r,k,-,k,n,i,c,k,s,/,p,o,s,t,/,_,/,i,d,/,6,6,4,1,3,/,f,r,a,n,-,f,r,a,s,c,h,i,l,l,a,-,o,n,-,f,r,a,n,k,-,n,t,i,l,i,k,i,n,a,-,h,e,-,h,a,s,-,t,h,e,-,l,o,o,k,-,a,n,d,-,f,e,e,l,-,o,f,-,a,n,-,n,b,a,-,g,u,a,r,d
h,t,t,p,s,:,/,/,w,w,w,.,e,s,p,n,.,c,o,m,/,b,l,o,g,/,n,e,w,-,y,o,r,k,/,k,n,i,c,k,s,/,p,o,s,t,/,_,/,i,d,/,1,9,8,5,2,/,t,y,s,o,n,-,n,a,m,e,d,-,t,o,-,n,b,a,s,-,a,l,l,-,d,e,f,e,n,s,i,v,e,-,s,e,c,o,n,d,-,t,e,a,m
h,t,t,p,s,:,/,/,w,w,w,.,e,s,p,n,.,c,o,m,/,b,l,o,g,/,p,l,a,y,b,o,o,k,/,d,o,l,l,a,r,s,/,p,o,s,t,/,_,/,i,d,/,2,9,3,5,/,m,e,e,t,-,t,h,e,-,w,o,r,l,d,s,-,t,o,p,-,n,b,a,-,g,a,m,b,l,e,r
h,t,t,p,s,:,/,/,w,w,w,.,e,s,p,n,.,c,o,m,/,b,l,o,g,/,p,l,a,y,b,o,o,k,/,d,o,l,l,a,r,s,/,p,o,s,t,/,_,/,i,d,/,2,9,3,5,/,m,e,e,t,-,t,h,e,-,w,o,r,l,d,s,-,t,o,p,-,n,b,a,-,g,a,m,b,l,e,r
h,t,t,p,s,:,/,/,w,w,w,.,e,s,p,n,.,c,o,m,/,b,l,o,g,/,s,t,a,t,s,i,n,f,o,/,p,o,s,t,/,_,/,i,d,/,1,0,4,6,0,1,/,w,h,y,-,e,x,p,e,r,i,e,n,c,e,-,m,a,t,t,e,r,s,-,i,n,-,t,h,e,-,n,b,a,-,p,l,a,y,o,f,f,s
h,t,t,p,s,:,/,/,w,w,w,.,e,s,p,n,.,c,o,m,/,b,l,o,g,/,s,t,a,t,s,i,n,f,o,/,p,o,s,t,/,_,/,i,d,/,1,1,8,4,5,2,/,k,a,r,l,-,a,n,t,h,o,n,y,-,t,o,w,n,s,-,u,n,a,n,i,m,o,u,s,-,n,b,a,-,r,o,o,k,i,e,-,o,f,-,t,h,e,-,y,e,a,r
h,t,t,p,s,:,/,/,w,w,w,.,e,s,p,n,.,c,o,m,/,b,l,o,g,/,s,t,a,t,s,i,n,f,o,/,p,o,s,t,/,_,/,i,d,/,1,3,0,5,7,3,/,d,e,v,i,n,-,b,o,o,k,e,r,-,h,a,s,-,t,h,e,-,n,b,a,s,-,i,n,d,i,v,i,d,u,a,l,-,g,a,m,e,-,o,f,-,t,h,e,-,y,e,a,r
h,t,t,p,s,:,/,/,w,w,w,.,e,s,p,n,.,c,o,m,/,b,l,o,g,/,s,t,a,t,s,i,n,f,o,/,p,o,s,t,/,_,/,i,d,/,1,3,4,6,7,3,/,l,o,n,z,o,-,b,a,l,l,-,d,e,a,a,r,o,n,-,f,o,x,-,m,e,e,t,-,f,o,r,-,f,i,r,s,t,-,t,i,m,e,-,i,n,-,n,b,a,-,a,s,-,l,a,k,e,r,s,-,v,i,s,i,t,-,k,i,n,g,s
h,t,t,p,s,:,/,/,w,w,w,.,e,s,p,n,.,c,o,m,/,b,l,o,g,/,t,r,u,e,h,o,o,p,/,p,o,s,t,/,_,/,i,d,/,2,5,7,6,7,/,s,p,o,r,t,s,-,a,n,d,-,l,a,b,o,r,-,p,a,n,e,l,-,a,d,d,r,e,s,s,e,s,-,b,r,o,a,d,e,r,-,i,s,s,u,e,-,o,f,-,n,b,a,-,p,r,o,f,i,t
h,t,t,p,s,:,/,/,w,w,w,.,e,s,p,n,.,c,o,m,/,b,l,o,g,/,t,r,u,e,h,o,o,p,/,p,o,s,t,/,_,/,i,d,/,3,1,2,3,2,/,n,b,a,-,2,k,1,2,-,k,e,e,p,s,-,g,i,v,i,n,g,-,u,s,-,w,h,a,t,-,w,e,-,w,a,n,t
h,t,t,p,s,:,/,/,w,w,w,.,e,s,p,n,.,c,o,m,/,b,l,o,g,/,t,r,u,e,h,o,o,p,/,p,o,s,t,/,_,/,i,d,/,3,1,6,6,8,/,n,b,a,-,n,e,g,o,t,i,a,t,i,o,n,s,-,i,n,-,a,-,h,a,n,d,y,-,c,h,a,r,t
h,t,t,p,s,:,/,/,w,w,w,.,e,s,p,n,.,c,o,m,/,b,l,o,g,/,t,r,u,e,h,o,o,p,/,p,o,s,t,/,_,/,i,d,/,3,6,4,9,1,/,t,h,e,-,n,b,a,s,-,c,h,i,n,a,-,e,v,o,l,u,t,i,o,n
h,t,t,p,s,:,/,/,w,w,w,.,e,s,p,n,.,c,o,m,/,b,l,o,g,/,t,r,u,e,h,o,o,p,/,p,o,s,t,/,_,/,i,d,/,3,6,4,9,1,/,t,h,e,-,n,b,a,s,-,c,h,i,n,a,-,e,v,o,l,u,t,i,o,n
h,t,t,p,s,:,/,/,w,w,w,.,e,s,p,n,.,c,o,m,/,b,l,o,g,/,t,r,u,e,h,o,o,p,/,p,o,s,t,/,_,/,i,d,/,3,7,9,6,4,/,t,h,e,-,n,b,a,-,u,n,d,e,r,-,p,r,e,s,s,u,r,e
h,t,t,p,s,:,/,/,w,w,w,.,e,s,p,n,.,c,o,m,/,b,l,o,g,/,t,r,u,e,h,o,o,p,/,p,o,s,t,/,_,/,i,d,/,5,4,8,2,3,/,d,a,v,i,d,-,s,t,e,r,n,-,o,n,-,n,b,a,-,a,n,t,i,-,d,o,p,i,n,g
h,t,t,p,s,:,/,/,w,w,w,.,e,s,p,n,.,c,o,m,/,b,l,o,g,/,t,r,u,e,h,o,o,p,/,p,o,s,t,/,_,/,i,d,/,5,7,8,2,6,/,w,h,o,s,-,r,e,a,d,y,-,t,o,-,b,e,-,a,n,-,n,b,a,-,h,e,a,d,-,c,o,a,c,h
h,t,t,p,s,:,/,/,w,w,w,.,e,s,p,n,.,c,o,m,/,b,l,o,g,/,t,r,u,e,h,o,o,p,/,p,o,s,t,/,_,/,i,d,/,6,2,4,1,/,h,o,t,-,a,n,d,-,h,e,a,v,y,-,a,b,o,u,t,-,n,b,a,-,s,h,o,o,t,i,n,g
h,t,t,p,s,:,/,/,w,w,w,.,e,s,p,n,.,c,o,m,/,b,l,o,g,/,t,r,u,e,h,o,o,p,/,p,o,s,t,/,_,/,i,d,/,6,5,5,0,0,/,t,o,o,-,m,a,n,y,-,g,a,m,e,s,-,h,u,r,t,-,n,b,a,s,-,r,e,g,u,l,a,r,-,s,e,a,s,o,n
h,t,t,p,s,:,/,/,w,w,w,.,e,s,p,n,.,c,o,m,/,b,l,o,g,/,t,r,u,e,h,o,o,p,/,p,o,s,t,/,_,/,i,d,/,7,2,7,4,9,/,t,h,e,-,n,b,a,s,-,t,o,p,-,h,e,a,d,-,c,o,a,c,h,i,n,g,-,p,r,o,s,p,e,c,t,s
h,t,t,p,s,:,/,/,w,w,w,.,e,s,p,n,.,c,o,m,/,b,l,o,g,/,t,r,u,e,h,o,o,p,/,p,o,s,t,/,_,/,i,d,/,7,4,9,6,4,/,t,r,u,e,h,o,o,p,-,p,o,d,-,n,b,a,-,a,w,a,r,d,s,-,t,i,m,b,e,r,w,o,l,v,e,s,-,l,e,a,g,u,e,-,t,r,e,n,d,s
h,t,t,p,s,:,/,/,w,w,w,.,e,s,p,n,.,c,o,m,/,b,l,o,g,/,t,r,u,e,h,o,o,p,/,p,o,s,t,/,_,/,i,d,/,7,4,9,7,0,/,e,v,e,r,y,t,h,i,n,g,-,y,o,u,-,m,i,s,s,e,d,-,d,u,r,i,n,g,-,t,h,e,-,n,b,a,-,s,e,a,s,o,n
h,t,t,p,s,:,/,/,w,w,w,.,e,s,p,n,.,c,o,m,/,b,o,s,t,o,n,/,n,b,a,/,c,o,l,u,m,n,s,/,s,t,o,r,y,?,c,o,l,u,m,n,i,s,t,=,f,o,r,s,b,e,r,g,_,c,h,r,i,s,&,i,d,=,5,1,7,6,4,3,7
h,t,t,p,s,:,/,/,w,w,w,.,e,s,p,n,.,c,o,m,/,b,o,s,t,o,n,/,n,b,a,/,c,o,l,u,m,n,s,/,s,t,o,r,y,?,c,o,l,u,m,n,i,s,t,=,f,o,r,s,b,e,r,g,_,c,h,r,i,s,&,i,d,=,5,2,6,6,9,3,4
h,t,t,p,s,:,/,/,w,w,w,.,e,s,p,n,.,c,o,m,/,b,o,s,t,o,n,/,n,b,a,/,c,o,l,u,m,n,s,/,s,t,o,r,y,?,c,o,l,u,m,n,i,s,t,=,m,a,c,m,u,l,l,a,n,_,j,a,c,k,i,e,&,i,d,=,6,2,7,3,9,0,4
h,t,t,p,s,:,/,/,w,w,w,.,e,s,p,n,.,c,o,m,/,b,o,s,t,o,n,/,n,b,a,/,c,o,l,u,m,n,s,/,s,t,o,r,y,?,c,o,l,u,m,n,i,s,t,=,m,a,y,_,p,e,t,e,r,&,i,d,=,5,0,3,8,3,2,1
h,t,t,p,s,:,/,/,w,w,w,.,e,s,p,n,.,c,o,m,/,b,o,s,t,o,n,/,n,b,a,/,n,e,w,s,/,s,t,o,r,y,?,i,d,=,5,2,2,4,3,7,4
h,t,t,p,s,:,/,/,w,w,w,.,e,s,p,n,.,c,o,m,/,b,o,s,t,o,n,/,n,b,a,/,n,e,w,s,/,s,t,o,r,y,?,i,d,=,5,3,4,8,5,1,8
h,t,t,p,s,:,/,/,w,w,w,.,e,s,p,n,.,c,o,m,/,b,o,s,t,o,n,/,n,b,a,/,n,e,w,s,/,s,t,o,r,y,?,i,d,=,5,4,0,5,5,9,9
h,t,t,p,s,:,/,/,w,w,w,.,e,s,p,n,.,c,o,m,/,b,o,s,t,o,n,/,n,b,a,/,n,e,w,s,/,s,t,o,r,y,?,i,d,=,6,1,1,0,8,1,9
h,t,t,p,s,:,/,/,w,w,w,.,e,s,p,n,.,c,o,m,/,b,o,s,t,o,n,/,n,b,a,/,n,e,w,s,/,s,t,o,r,y,?,i,d,=,6,6,1,5,8,8,6
h,t,t,p,s,:,/,/,w,w,w,.,e,s,p,n,.,c,o,m,/,b,o,s,t,o,n,/,n,b,a,/,s,t,o,r,y,/,_,/,i,d,/,1,0,5,6,9,9,0,8,/,v,i,t,o,r,-,f,a,v,e,r,a,n,i,-,b,o,s,t,o,n,-,c,e,l,t,i,c,s,-,s,e,a,s,o,n,-,e,n,d,i,n,g,-,s,u,r,g,e,r,y
h,t,t,p,s,:,/,/,w,w,w,.,e,s,p,n,.,c,o,m,/,b,o,s,t,o,n,/,n,b,a,/,s,t,o,r,y,/,_,/,i,d,/,1,1,1,4,1,2,5,2,/,2,0,1,4,-,n,b,a,-,d,r,a,f,t,-,b,o,s,t,o,n,-,c,e,l,t,i,c,s,-,t,a,k,e,-,m,a,r,c,u,s,-,s,m,a,r,t,-,n,o,-,6,-,p,i,c,k
h,t,t,p,s,:,/,/,w,w,w,.,e,s,p,n,.,c,o,m,/,b,o,s,t,o,n,/,n,b,a,/,s,t,o,r,y,/,_,/,i,d,/,1,2,1,4,3,7,2,5,/,b,o,s,t,o,n,-,c,e,l,t,i,c,s,-,s,h,i,p,-,n,e,w,l,y,-,a,c,q,u,i,r,e,d,-,b,r,a,n,d,a,n,-,w,r,i,g,h,t,-,p,h,o,e,n,i,x,-,s,u,n,s,-,p,r,o,t,e,c,t,e,d,-,p,i,c,k
h,t,t,p,s,:,/,/,w,w,w,.,e,s,p,n,.,c,o,m,/,b,o,s,t,o,n,/,n,b,a,/,s,t,o,r,y,/,_,/,i,d,/,1,3,1,8,2,7,3,9,/,a,m,i,r,-,j,o,h,n,s,o,n,-,a,g,r,e,e,s,-,t,w,o,-,y,e,a,r,-,d,e,a,l,-,w,o,r,t,h,-,2,4,-,m,i,l,l,i,o,n,-,b,o,s,t,o,n,-,c,e,l,t,i,c,s
h,t,t,p,s,:,/,/,w,w,w,.,e,s,p,n,.,c,o,m,/,b,o,s,t,o,n,/,n,b,a,/,s,t,o,r,y,/,_,/,i,d,/,6,8,1,1,9,9,9,/,b,o,s,t,o,n,-,c,e,l,i,t,c,s,-,e,t,w,a,u,n,-,m,o,o,r,e,-,s,i,g,n,s,-,i,t,a,l,i,a,n,-,t,e,a,m,-,r,e,t,u,r,n
h,t,t,p,s,:,/,/,w,w,w,.,e,s,p,n,.,c,o,m,/,b,o,s,t,o,n,/,n,b,a,/,s,t,o,r,y,/,_,/,i,d,/,7,3,6,2,3,7,8,/,j,e,f,f,-,g,r,e,e,n,-,b,o,s,t,o,n,-,c,e,l,t,i,c,s,-,s,u,r,g,e,r,y,-,s,e,a,s,o,n
h,t,t,p,s,:,/,/,w,w,w,.,e,s,p,n,.,c,o,m,/,b,o,s,t,o,n,/,n,b,a,/,s,t,o,r,y,/,_,/,i,d,/,8,1,1,5,8,4,3,/,b,o,s,t,o,n,-,c,e,l,t,i,c,s,-,k,e,v,i,n,-,g,a,r,n,e,t,t,-,r,e,t,u,r,n,i,n,g,-,t,e,a,m,-,s,o,u,r,c,e,s,-,s,a,y
h,t,t,p,s,:,/,/,w,w,w,.,e,s,p,n,.,c,o,m,/,b,o,s,t,o,n,/,n,b,a,/,s,t,o,r,y,/,_,/,i,d,/,8,1,8,4,9,2,3,/,b,o,s,t,o,n,-,c,e,l,t,i,c,s,-,a,c,q,u,i,r,e,-,c,o,u,r,t,n,e,y,-,l,e,e,-,s,i,g,n,-,t,r,a,d,e,-,d,e,a,l
h,t,t,p,s,:,/,/,w,w,w,.,e,s,p,n,.,c,o,m,/,b,o,s,t,o,n,/,n,b,a,/,s,t,o,r,y,/,_,/,i,d,/,8,6,6,1,3,5,7,/,d,a,r,k,o,-,m,i,l,i,c,i,c,-,r,e,q,u,e,s,t,-,w,a,i,v,e,d,-,g,r,a,n,t,e,d,-,b,o,s,t,o,n,-,c,e,l,t,i,c,s
h,t,t,p,s,:,/,/,w,w,w,.,e,s,p,n,.,c,o,m,/,b,o,s,t,o,n,/,n,b,a,/,s,t,o,r,y,/,_,/,i,d,/,8,8,8,7,1,0,6,/,r,a,j,o,n,-,r,o,n,d,o,-,b,o,s,t,o,n,-,c,e,l,t,i,c,s,-,t,o,r,n,-,a,c,l,-,u,n,d,e,r,g,o,-,s,u,r,g,e,r,y
h,t,t,p,s,:,/,/,w,w,w,.,e,s,p,n,.,c,o,m,/,b,o,s,t,o,n,/,n,b,a,/,s,t,o,r,y,/,_,/,i,d,/,8,9,3,8,7,0,7,/,l,e,a,n,d,r,o,-,b,a,r,b,o,s,a,-,b,o,s,t,o,n,-,c,e,l,t,i,c,s,-,s,u,f,f,e,r,s,-,k,n,e,e,-,i,n,j,u,r,y
h,t,t,p,s,:,/,/,w,w,w,.,e,s,p,n,.,c,o,m,/,b,o,s,t,o,n,/,n,b,a,/,s,t,o,r,y,/,_,/,i,d,/,8,9,7,1,3,6,9,/,b,o,s,t,o,n,-,c,e,l,t,i,c,s,-,a,c,q,u,i,r,e,-,j,o,r,d,a,n,-,c,r,a,w,f,o,r,d,-,w,a,s,h,i,n,g,t,o,n,-,w,i,z,a,r,d,s,-,l,e,a,n,d,r,o,-,b,a,r,b,o,s,a
h,t,t,p,s,:,/,/,w,w,w,.,e,s,p,n,.,c,o,m,/,b,o,s,t,o,n,/,n,b,a,/,s,t,o,r,y,/,_,/,i,d,/,9,2,4,4,4,7,4,/,a,v,e,r,y,-,b,r,a,d,l,e,y,-,b,o,s,t,o,n,-,c,e,l,t,i,c,s,-,r,e,v,e,r,s,e,s,-,f,a,l,l,i,n,g,-,f,o,r,t,u,n,e,s,-,1,0,-,i,n,s,p,i,r,e,d,-,m,i,n,u,t,e,s,-,v,s,-,n,e,w,-,y,o,r,k,-,k,n,i,c,k,s
h,t,t,p,s,:,/,/,w,w,w,.,e,s,p,n,.,c,o,m,/,b,o,s,t,o,n,/,n,b,a,/,s,t,o,r,y,/,_,/,i,d,/,9,4,4,6,5,5,7,/,s,e,c,o,n,d,-,r,o,u,n,d,-,p,i,c,k,-,c,o,l,t,o,n,-,i,v,e,r,s,o,n,-,c,a,u,g,h,t,-,b,o,s,t,o,n,-,c,e,l,t,i,c,s,-,e,y,e
h,t,t,p,s,:,/,/,w,w,w,.,e,s,p,n,.,c,o,m,/,b,o,s,t,o,n,/,n,b,a,/,s,t,o,r,y,/,_,/,i,d,/,9,4,4,8,8,7,1,/,b,r,a,d,-,s,t,e,v,e,n,s,-,h,i,r,e,d,-,b,o,s,t,o,n,-,c,e,l,t,i,c,s,-,h,e,a,d,-,c,o,a,c,h
h,t,t,p,s,:,/,/,w,w,w,.,e,s,p,n,.,c,o,m,/,b,o,s,t,o,n,/,n,h,l,/,s,t,o,r,y,/,_,/,i,d,/,9,1,7,5,3,3,2,/,b,r,u,i,n,s,-,g,a,m,e,-,b,o,s,t,o,n,-,p,o,s,t,p,o,n,e,d,-,b,l,a,s,t,s,-,m,l,b,-,s,t,a,n,d,s,-,p,a,t,-,n,b,a,-,c,a,n,c,e,l,s,-,c,e,l,t,i,c,s,-,g,a,m,e
h,t,t,p,s,:,/,/,w,w,w,.,e,s,p,n,.,c,o,m,/,c,h,a,l,k,/,i,n,s,i,d,e,r,/,s,t,o,r,y,/,_,/,i,d,/,2,3,7,0,4,2,9,9,/,n,b,a,-,b,e,t,t,i,n,g,-,g,u,i,d,e,-,g,a,m,e,-,3,-,2,0,1,8,-,n,b,a,-,f,i,n,a,l,s,-,g,o,l,d,e,n,-,s,t,a,t,e,-,w,a,r,r,i,o,r,s,-,c,l,e,v,e,l,a,n,d,-,c,a,v,a,l,i,e,r,s
h,t,t,p,s,:,/,/,w,w,w,.,e,s,p,n,.,c,o,m,/,c,h,a,l,k,/,i,n,s,i,d,e,r,/,s,t,o,r,y,/,_,/,i,d,/,2,5,2,0,5,8,0,6,/,n,b,a,-,b,e,s,t,-,b,e,t,s,-,p,i,c,k,-,a,d,v,i,c,e,-,w,e,d,n,e,s,d,a,y,-,g,a,m,e,s,-,i,n,c,l,u,d,i,n,g,-,n,u,g,g,e,t,s,-,g,r,i,z,z,l,i,e,s,-,k,n,i,c,k,s,-,h,a,w,k,s
h,t,t,p,s,:,/,/,w,w,w,.,e,s,p,n,.,c,o,m,/,c,h,a,l,k,/,i,n,s,i,d,e,r,/,s,t,o,r,y,/,_,/,i,d,/,2,5,4,5,9,7,3,3,/,n,b,a,-,b,e,s,t,-,b,e,t,s,-,p,i,c,k,-,a,d,v,i,c,e,-,w,e,d,n,e,s,d,a,y,-,g,a,m,e,s,-,i,n,c,l,u,d,i,n,g,-,w,a,r,r,i,o,r,s,-,c,a,v,a,l,i,e,r,s,-,7,6,e,r,s,-,r,a,p,t,o,r,s
h,t,t,p,s,:,/,/,w,w,w,.,e,s,p,n,.,c,o,m,/,c,h,a,l,k,/,i,n,s,i,d,e,r,/,s,t,o,r,y,/,_,/,i,d,/,2,5,6,6,8,1,0,2,/,b,e,s,t,-,n,b,a,-,b,e,t,s,-,p,i,c,k,-,a,d,v,i,c,e,-,w,e,d,n,e,s,d,a,y,-,g,a,m,e,s,-,i,n,c,l,u,d,i,n,g,-,t,h,u,n,d,e,r,-,l,a,k,e,r,s
h,t,t,p,s,:,/,/,w,w,w,.,e,s,p,n,.,c,o,m,/,c,h,a,l,k,/,i,n,s,i,d,e,r,/,s,t,o,r,y,/,_,/,i,d,/,2,5,7,2,1,5,7,4,/,b,e,s,t,-,n,b,a,-,b,e,t,s,-,p,i,c,k,-,a,d,v,i,c,e,-,w,e,d,n,e,s,d,a,y,-,g,a,m,e,s,-,i,n,c,l,u,d,i,n,g,-,b,u,c,k,s,-,r,o,c,k,e,t,s
h,t,t,p,s,:,/,/,w,w,w,.,e,s,p,n,.,c,o,m,/,c,h,a,l,k,/,s,t,o,r,y,/,_,/,i,d,/,1,2,7,0,2,9,2,2,/,c,l,e,v,e,l,a,n,d,-,c,a,v,a,l,i,e,r,s,-,e,n,t,e,r,-,p,l,a,y,o,f,f,s,-,f,a,v,o,r,i,t,e,s,-,w,i,n,-,n,b,a,-,t,i,t,l,e
h,t,t,p,s,:,/,/,w,w,w,.,e,s,p,n,.,c,o,m,/,c,h,a,l,k,/,s,t,o,r,y,/,_,/,i,d,/,1,5,8,4,9,7,0,1,/,2,0,1,6,-,n,b,a,-,f,i,n,a,l,s,-,c,o,m,p,l,e,t,e,-,o,d,d,s,-,g,o,l,d,e,n,-,s,t,a,t,e,-,w,a,r,r,i,o,r,s,-,c,l,e,v,e,l,a,n,d,-,c,a,v,a,l,i,e,r,s,-,s,e,r,i,e,s
